"iso3c","date","deaths","population","cmr","deaths_baseline","deaths_baseline_lower","deaths_baseline_upper","deaths_excess","deaths_excess_lower","deaths_excess_upper","cmr_baseline","cmr_baseline_lower","cmr_baseline_upper","cmr_excess","cmr_excess_lower","cmr_excess_upper"
"DEU",2000 W01,243,26964376,0.9,,,,,,,,,,,,
"DEU",2000 W02,243,26960437,0.9,,,,,,,,,,,,
"DEU",2000 W03,249,26956498,0.9,,,,,,,,,,,,
"DEU",2000 W04,248,26952559,0.9,,,,,,,,,,,,
"DEU",2000 W05,282,26948620,1,,,,,,,,,,,,
"DEU",2000 W06,273,26944681,1,,,,,,,,,,,,
"DEU",2000 W07,251,26940742,0.9,,,,,,,,,,,,
"DEU",2000 W08,252,26936803,0.9,,,,,,,,,,,,
"DEU",2000 W09,241,26932864,0.9,,,,,,,,,,,,
"DEU",2000 W10,264,26928925,1,,,,,,,,,,,,
"DEU",2000 W11,243,26924986,0.9,,,,,,,,,,,,
"DEU",2000 W12,258,26921047,1,,,,,,,,,,,,
"DEU",2000 W13,242,26917108,0.9,,,,,,,,,,,,
"DEU",2000 W14,245,26913169,0.9,,,,,,,,,,,,
"DEU",2000 W15,272,26909230,1,,,,,,,,,,,,
"DEU",2000 W16,247,26905291,0.9,,,,,,,,,,,,
"DEU",2000 W17,280,26901352,1,,,,,,,,,,,,
"DEU",2000 W18,279,26897413,1,,,,,,,,,,,,
"DEU",2000 W19,251,26893474,0.9,,,,,,,,,,,,
"DEU",2000 W20,261,26889535,1,,,,,,,,,,,,
"DEU",2000 W21,236,26885596,0.9,,,,,,,,,,,,
"DEU",2000 W22,275,26881657,1,,,,,,,,,,,,
"DEU",2000 W23,247,26877718,0.9,,,,,,,,,,,,
"DEU",2000 W24,272,26873779,1,,,,,,,,,,,,
"DEU",2000 W25,248,26869840,0.9,,,,,,,,,,,,
"DEU",2000 W26,245,26865901,0.9,,,,,,,,,,,,
"DEU",2000 W27,244,26861962,0.9,,,,,,,,,,,,
"DEU",2000 W28,238,26858023,0.9,,,,,,,,,,,,
"DEU",2000 W29,254,26854084,0.9,,,,,,,,,,,,
"DEU",2000 W30,237,26850145,0.9,,,,,,,,,,,,
"DEU",2000 W31,227,26846206,0.8,,,,,,,,,,,,
"DEU",2000 W32,246,26842266,0.9,,,,,,,,,,,,
"DEU",2000 W33,227,26838327,0.8,,,,,,,,,,,,
"DEU",2000 W34,252,26834388,0.9,,,,,,,,,,,,
"DEU",2000 W35,257,26830449,1,,,,,,,,,,,,
"DEU",2000 W36,249,26826510,0.9,,,,,,,,,,,,
"DEU",2000 W37,250,26822571,0.9,,,,,,,,,,,,
"DEU",2000 W38,268,26818632,1,,,,,,,,,,,,
"DEU",2000 W39,249,26814693,0.9,,,,,,,,,,,,
"DEU",2000 W40,247,26810754,0.9,,,,,,,,,,,,
"DEU",2000 W41,267,26806815,1,,,,,,,,,,,,
"DEU",2000 W42,262,26802876,1,,,,,,,,,,,,
"DEU",2000 W43,260,26798937,1,,,,,,,,,,,,
"DEU",2000 W44,235,26794998,0.9,,,,,,,,,,,,
"DEU",2000 W45,232,26791059,0.9,,,,,,,,,,,,
"DEU",2000 W46,254,26787120,0.9,,,,,,,,,,,,
"DEU",2000 W47,232,26783181,0.9,,,,,,,,,,,,
"DEU",2000 W48,245,26779242,0.9,,,,,,,,,,,,
"DEU",2000 W49,211,26775303,0.8,,,,,,,,,,,,
"DEU",2000 W50,237,26771364,0.9,,,,,,,,,,,,
"DEU",2000 W51,232,26767425,0.9,,,,,,,,,,,,
"DEU",2000 W52,222,26763486,0.8,,,,,,,,,,,,
"DEU",2001 W01,264,26759987,1,,,,,,,,,,,,
"DEU",2001 W02,256,26757076,1,,,,,,,,,,,,
"DEU",2001 W03,233,26754165,0.9,,,,,,,,,,,,
"DEU",2001 W04,230,26751254,0.9,,,,,,,,,,,,
"DEU",2001 W05,241,26748343,0.9,,,,,,,,,,,,
"DEU",2001 W06,225,26745432,0.8,,,,,,,,,,,,
"DEU",2001 W07,203,26742521,0.8,,,,,,,,,,,,
"DEU",2001 W08,227,26739610,0.8,,,,,,,,,,,,
"DEU",2001 W09,250,26736699,0.9,,,,,,,,,,,,
"DEU",2001 W10,260,26733788,1,,,,,,,,,,,,
"DEU",2001 W11,250,26730877,0.9,,,,,,,,,,,,
"DEU",2001 W12,216,26727966,0.8,,,,,,,,,,,,
"DEU",2001 W13,240,26725055,0.9,,,,,,,,,,,,
"DEU",2001 W14,216,26722144,0.8,,,,,,,,,,,,
"DEU",2001 W15,219,26719233,0.8,,,,,,,,,,,,
"DEU",2001 W16,219,26716321,0.8,,,,,,,,,,,,
"DEU",2001 W17,231,26713410,0.9,,,,,,,,,,,,
"DEU",2001 W18,285,26710499,1.1,,,,,,,,,,,,
"DEU",2001 W19,248,26707588,0.9,,,,,,,,,,,,
"DEU",2001 W20,246,26704677,0.9,,,,,,,,,,,,
"DEU",2001 W21,242,26701766,0.9,,,,,,,,,,,,
"DEU",2001 W22,254,26698855,1,,,,,,,,,,,,
"DEU",2001 W23,207,26695944,0.8,,,,,,,,,,,,
"DEU",2001 W24,243,26693033,0.9,,,,,,,,,,,,
"DEU",2001 W25,257,26690122,1,,,,,,,,,,,,
"DEU",2001 W26,247,26687211,0.9,,,,,,,,,,,,
"DEU",2001 W27,238,26684300,0.9,,,,,,,,,,,,
"DEU",2001 W28,263,26681389,1,,,,,,,,,,,,
"DEU",2001 W29,221,26678478,0.8,,,,,,,,,,,,
"DEU",2001 W30,255,26675567,1,,,,,,,,,,,,
"DEU",2001 W31,302,26672656,1.1,,,,,,,,,,,,
"DEU",2001 W32,199,26669745,0.7,,,,,,,,,,,,
"DEU",2001 W33,259,26666833,1,,,,,,,,,,,,
"DEU",2001 W34,241,26663922,0.9,,,,,,,,,,,,
"DEU",2001 W35,233,26661011,0.9,,,,,,,,,,,,
"DEU",2001 W36,215,26658100,0.8,,,,,,,,,,,,
"DEU",2001 W37,194,26655189,0.7,,,,,,,,,,,,
"DEU",2001 W38,231,26652278,0.9,,,,,,,,,,,,
"DEU",2001 W39,240,26649367,0.9,,,,,,,,,,,,
"DEU",2001 W40,248,26646456,0.9,,,,,,,,,,,,
"DEU",2001 W41,193,26643545,0.7,,,,,,,,,,,,
"DEU",2001 W42,247,26640634,0.9,,,,,,,,,,,,
"DEU",2001 W43,221,26637723,0.8,,,,,,,,,,,,
"DEU",2001 W44,220,26634812,0.8,,,,,,,,,,,,
"DEU",2001 W45,244,26631901,0.9,,,,,,,,,,,,
"DEU",2001 W46,217,26628990,0.8,,,,,,,,,,,,
"DEU",2001 W47,222,26626079,0.8,,,,,,,,,,,,
"DEU",2001 W48,247,26623168,0.9,,,,,,,,,,,,
"DEU",2001 W49,204,26620257,0.8,,,,,,,,,,,,
"DEU",2001 W50,229,26617345,0.9,,,,,,,,,,,,
"DEU",2001 W51,217,26614434,0.8,,,,,,,,,,,,
"DEU",2001 W52,218,26611523,0.8,,,,,,,,,,,,
"DEU",2002 W01,217,26608789,0.8,,,,,,,,,,,,
"DEU",2002 W02,230,26606443,0.9,,,,,,,,,,,,
"DEU",2002 W03,242,26604108,0.9,,,,,,,,,,,,
"DEU",2002 W04,229,26601774,0.9,,,,,,,,,,,,
"DEU",2002 W05,221,26599440,0.8,,,,,,,,,,,,
"DEU",2002 W06,197,26597105,0.7,,,,,,,,,,,,
"DEU",2002 W07,219,26594771,0.8,,,,,,,,,,,,
"DEU",2002 W08,245,26592436,0.9,,,,,,,,,,,,
"DEU",2002 W09,236,26590102,0.9,,,,,,,,,,,,
"DEU",2002 W10,230,26587768,0.9,,,,,,,,,,,,
"DEU",2002 W11,210,26585433,0.8,,,,,,,,,,,,
"DEU",2002 W12,207,26583099,0.8,,,,,,,,,,,,
"DEU",2002 W13,232,26580765,0.9,,,,,,,,,,,,
"DEU",2002 W14,250,26578430,0.9,,,,,,,,,,,,
"DEU",2002 W15,226,26576096,0.9,,,,,,,,,,,,
"DEU",2002 W16,233,26573761,0.9,,,,,,,,,,,,
"DEU",2002 W17,247,26571427,0.9,,,,,,,,,,,,
"DEU",2002 W18,217,26569093,0.8,,,,,,,,,,,,
"DEU",2002 W19,240,26566758,0.9,,,,,,,,,,,,
"DEU",2002 W20,237,26564424,0.9,,,,,,,,,,,,
"DEU",2002 W21,217,26562090,0.8,,,,,,,,,,,,
"DEU",2002 W22,239,26559755,0.9,,,,,,,,,,,,
"DEU",2002 W23,247,26557421,0.9,,,,,,,,,,,,
"DEU",2002 W24,239,26555086,0.9,,,,,,,,,,,,
"DEU",2002 W25,235,26552752,0.9,,,,,,,,,,,,
"DEU",2002 W26,210,26550418,0.8,,,,,,,,,,,,
"DEU",2002 W27,240,26548083,0.9,,,,,,,,,,,,
"DEU",2002 W28,236,26545749,0.9,,,,,,,,,,,,
"DEU",2002 W29,265,26543415,1,,,,,,,,,,,,
"DEU",2002 W30,226,26541080,0.9,,,,,,,,,,,,
"DEU",2002 W31,236,26538746,0.9,,,,,,,,,,,,
"DEU",2002 W32,214,26536411,0.8,,,,,,,,,,,,
"DEU",2002 W33,248,26534077,0.9,,,,,,,,,,,,
"DEU",2002 W34,201,26531743,0.8,,,,,,,,,,,,
"DEU",2002 W35,201,26529408,0.8,,,,,,,,,,,,
"DEU",2002 W36,234,26527074,0.9,,,,,,,,,,,,
"DEU",2002 W37,210,26524740,0.8,,,,,,,,,,,,
"DEU",2002 W38,216,26522405,0.8,,,,,,,,,,,,
"DEU",2002 W39,206,26520071,0.8,,,,,,,,,,,,
"DEU",2002 W40,218,26517736,0.8,,,,,,,,,,,,
"DEU",2002 W41,197,26515402,0.7,,,,,,,,,,,,
"DEU",2002 W42,210,26513068,0.8,,,,,,,,,,,,
"DEU",2002 W43,212,26510733,0.8,,,,,,,,,,,,
"DEU",2002 W44,227,26508399,0.9,,,,,,,,,,,,
"DEU",2002 W45,220,26506065,0.8,,,,,,,,,,,,
"DEU",2002 W46,248,26503730,0.9,,,,,,,,,,,,
"DEU",2002 W47,203,26501396,0.8,,,,,,,,,,,,
"DEU",2002 W48,221,26499061,0.8,,,,,,,,,,,,
"DEU",2002 W49,197,26496727,0.7,,,,,,,,,,,,
"DEU",2002 W50,231,26494393,0.9,,,,,,,,,,,,
"DEU",2002 W51,221,26492058,0.8,,,,,,,,,,,,
"DEU",2002 W52,207,26489724,0.8,,,,,,,,,,,,
"DEU",2003 W01,216,26487319,0.8,,,,,,,,,,,,
"DEU",2003 W02,238,26484660,0.9,,,,,,,,,,,,
"DEU",2003 W03,210,26481980,0.8,,,,,,,,,,,,
"DEU",2003 W04,202,26479300,0.8,,,,,,,,,,,,
"DEU",2003 W05,212,26476621,0.8,,,,,,,,,,,,
"DEU",2003 W06,202,26473941,0.8,,,,,,,,,,,,
"DEU",2003 W07,207,26471261,0.8,,,,,,,,,,,,
"DEU",2003 W08,229,26468581,0.9,,,,,,,,,,,,
"DEU",2003 W09,256,26465901,1,,,,,,,,,,,,
"DEU",2003 W10,239,26463221,0.9,,,,,,,,,,,,
"DEU",2003 W11,233,26460541,0.9,,,,,,,,,,,,
"DEU",2003 W12,229,26457861,0.9,,,,,,,,,,,,
"DEU",2003 W13,216,26455182,0.8,,,,,,,,,,,,
"DEU",2003 W14,214,26452502,0.8,,,,,,,,,,,,
"DEU",2003 W15,228,26449822,0.9,,,,,,,,,,,,
"DEU",2003 W16,221,26447142,0.8,,,,,,,,,,,,
"DEU",2003 W17,207,26444462,0.8,,,,,,,,,,,,
"DEU",2003 W18,238,26441782,0.9,,,,,,,,,,,,
"DEU",2003 W19,234,26439102,0.9,,,,,,,,,,,,
"DEU",2003 W20,214,26436422,0.8,,,,,,,,,,,,
"DEU",2003 W21,218,26433742,0.8,,,,,,,,,,,,
"DEU",2003 W22,249,26431063,0.9,,,,,,,,,,,,
"DEU",2003 W23,240,26428383,0.9,,,,,,,,,,,,
"DEU",2003 W24,249,26425703,0.9,,,,,,,,,,,,
"DEU",2003 W25,190,26423023,0.7,,,,,,,,,,,,
"DEU",2003 W26,208,26420343,0.8,,,,,,,,,,,,
"DEU",2003 W27,230,26417663,0.9,,,,,,,,,,,,
"DEU",2003 W28,209,26414983,0.8,,,,,,,,,,,,
"DEU",2003 W29,215,26412303,0.8,,,,,,,,,,,,
"DEU",2003 W30,226,26409623,0.9,,,,,,,,,,,,
"DEU",2003 W31,222,26406944,0.8,,,,,,,,,,,,
"DEU",2003 W32,254,26404264,1,,,,,,,,,,,,
"DEU",2003 W33,208,26401584,0.8,,,,,,,,,,,,
"DEU",2003 W34,251,26398904,1,,,,,,,,,,,,
"DEU",2003 W35,213,26396224,0.8,,,,,,,,,,,,
"DEU",2003 W36,240,26393544,0.9,,,,,,,,,,,,
"DEU",2003 W37,212,26390864,0.8,,,,,,,,,,,,
"DEU",2003 W38,231,26388184,0.9,,,,,,,,,,,,
"DEU",2003 W39,204,26385504,0.8,,,,,,,,,,,,
"DEU",2003 W40,219,26382825,0.8,,,,,,,,,,,,
"DEU",2003 W41,217,26380145,0.8,,,,,,,,,,,,
"DEU",2003 W42,238,26377465,0.9,,,,,,,,,,,,
"DEU",2003 W43,217,26374785,0.8,,,,,,,,,,,,
"DEU",2003 W44,218,26372105,0.8,,,,,,,,,,,,
"DEU",2003 W45,250,26369425,0.9,,,,,,,,,,,,
"DEU",2003 W46,212,26366745,0.8,,,,,,,,,,,,
"DEU",2003 W47,201,26364065,0.8,,,,,,,,,,,,
"DEU",2003 W48,204,26361385,0.8,,,,,,,,,,,,
"DEU",2003 W49,199,26358706,0.8,,,,,,,,,,,,
"DEU",2003 W50,199,26356026,0.8,,,,,,,,,,,,
"DEU",2003 W51,210,26353346,0.8,,,,,,,,,,,,
"DEU",2003 W52,187,26350666,0.7,,,,,,,,,,,,
"DEU",2004 W01,238,26347948,0.9,,,,,,,,,,,,
"DEU",2004 W02,192,26344994,0.7,,,,,,,,,,,,
"DEU",2004 W03,192,26342002,0.7,,,,,,,,,,,,
"DEU",2004 W04,192,26339010,0.7,,,,,,,,,,,,
"DEU",2004 W05,216,26336018,0.8,,,,,,,,,,,,
"DEU",2004 W06,201,26333026,0.8,,,,,,,,,,,,
"DEU",2004 W07,203,26330034,0.8,,,,,,,,,,,,
"DEU",2004 W08,211,26327042,0.8,,,,,,,,,,,,
"DEU",2004 W09,208,26324050,0.8,,,,,,,,,,,,
"DEU",2004 W10,221,26321058,0.8,,,,,,,,,,,,
"DEU",2004 W11,235,26318066,0.9,,,,,,,,,,,,
"DEU",2004 W12,208,26315074,0.8,,,,,,,,,,,,
"DEU",2004 W13,186,26312082,0.7,,,,,,,,,,,,
"DEU",2004 W14,221,26309090,0.8,,,,,,,,,,,,
"DEU",2004 W15,215,26306098,0.8,,,,,,,,,,,,
"DEU",2004 W16,189,26303106,0.7,,,,,,,,,,,,
"DEU",2004 W17,224,26300114,0.9,,,,,,,,,,,,
"DEU",2004 W18,237,26297122,0.9,,,,,,,,,,,,
"DEU",2004 W19,211,26294130,0.8,,,,,,,,,,,,
"DEU",2004 W20,193,26291138,0.7,,,,,,,,,,,,
"DEU",2004 W21,208,26288146,0.8,,,,,,,,,,,,
"DEU",2004 W22,209,26285154,0.8,,,,,,,,,,,,
"DEU",2004 W23,203,26282162,0.8,,,,,,,,,,,,
"DEU",2004 W24,221,26279169,0.8,,,,,,,,,,,,
"DEU",2004 W25,197,26276177,0.7,,,,,,,,,,,,
"DEU",2004 W26,194,26273185,0.7,,,,,,,,,,,,
"DEU",2004 W27,218,26270193,0.8,,,,,,,,,,,,
"DEU",2004 W28,204,26267201,0.8,,,,,,,,,,,,
"DEU",2004 W29,217,26264209,0.8,,,,,,,,,,,,
"DEU",2004 W30,219,26261217,0.8,,,,,,,,,,,,
"DEU",2004 W31,214,26258225,0.8,,,,,,,,,,,,
"DEU",2004 W32,215,26255233,0.8,,,,,,,,,,,,
"DEU",2004 W33,253,26252241,1,,,,,,,,,,,,
"DEU",2004 W34,195,26249249,0.7,,,,,,,,,,,,
"DEU",2004 W35,206,26246257,0.8,,,,,,,,,,,,
"DEU",2004 W36,199,26243265,0.8,,,,,,,,,,,,
"DEU",2004 W37,201,26240273,0.8,,,,,,,,,,,,
"DEU",2004 W38,191,26237281,0.7,,,,,,,,,,,,
"DEU",2004 W39,191,26234289,0.7,,,,,,,,,,,,
"DEU",2004 W40,209,26231297,0.8,,,,,,,,,,,,
"DEU",2004 W41,190,26228305,0.7,,,,,,,,,,,,
"DEU",2004 W42,205,26225313,0.8,,,,,,,,,,,,
"DEU",2004 W43,185,26222321,0.7,,,,,,,,,,,,
"DEU",2004 W44,190,26219329,0.7,,,,,,,,,,,,
"DEU",2004 W45,191,26216337,0.7,,,,,,,,,,,,
"DEU",2004 W46,203,26213345,0.8,,,,,,,,,,,,
"DEU",2004 W47,183,26210353,0.7,,,,,,,,,,,,
"DEU",2004 W48,203,26207361,0.8,,,,,,,,,,,,
"DEU",2004 W49,218,26204369,0.8,,,,,,,,,,,,
"DEU",2004 W50,178,26201377,0.7,,,,,,,,,,,,
"DEU",2004 W51,192,26198385,0.7,,,,,,,,,,,,
"DEU",2004 W52,181,26195393,0.7,,,,,,,,,,,,
"DEU",2004 W53,199,26192376,0.8,,,,,,,,,,,,
"DEU",2005 W01,224,26188527,0.9,,,,,,,,,,,,
"DEU",2005 W02,213,26184299,0.8,,,,,,,,,,,,
"DEU",2005 W03,171,26180072,0.7,,,,,,,,,,,,
"DEU",2005 W04,199,26175845,0.8,,,,,,,,,,,,
"DEU",2005 W05,178,26171618,0.7,,,,,,,,,,,,
"DEU",2005 W06,190,26167391,0.7,,,,,,,,,,,,
"DEU",2005 W07,197,26163163,0.8,,,,,,,,,,,,
"DEU",2005 W08,188,26158936,0.7,,,,,,,,,,,,
"DEU",2005 W09,218,26154709,0.8,,,,,,,,,,,,
"DEU",2005 W10,187,26150482,0.7,,,,,,,,,,,,
"DEU",2005 W11,189,26146255,0.7,,,,,,,,,,,,
"DEU",2005 W12,192,26142027,0.7,,,,,,,,,,,,
"DEU",2005 W13,169,26137800,0.6,,,,,,,,,,,,
"DEU",2005 W14,187,26133573,0.7,,,,,,,,,,,,
"DEU",2005 W15,186,26129346,0.7,,,,,,,,,,,,
"DEU",2005 W16,179,26125119,0.7,,,,,,,,,,,,
"DEU",2005 W17,196,26120891,0.8,,,,,,,,,,,,
"DEU",2005 W18,181,26116664,0.7,,,,,,,,,,,,
"DEU",2005 W19,200,26112437,0.8,,,,,,,,,,,,
"DEU",2005 W20,194,26108210,0.7,,,,,,,,,,,,
"DEU",2005 W21,232,26103983,0.9,,,,,,,,,,,,
"DEU",2005 W22,200,26099755,0.8,,,,,,,,,,,,
"DEU",2005 W23,203,26095528,0.8,,,,,,,,,,,,
"DEU",2005 W24,201,26091301,0.8,,,,,,,,,,,,
"DEU",2005 W25,233,26087074,0.9,,,,,,,,,,,,
"DEU",2005 W26,231,26082847,0.9,,,,,,,,,,,,
"DEU",2005 W27,205,26078620,0.8,,,,,,,,,,,,
"DEU",2005 W28,203,26074392,0.8,,,,,,,,,,,,
"DEU",2005 W29,195,26070165,0.7,,,,,,,,,,,,
"DEU",2005 W30,205,26065938,0.8,,,,,,,,,,,,
"DEU",2005 W31,188,26061711,0.7,,,,,,,,,,,,
"DEU",2005 W32,198,26057484,0.8,,,,,,,,,,,,
"DEU",2005 W33,190,26053256,0.7,,,,,,,,,,,,
"DEU",2005 W34,152,26049029,0.6,,,,,,,,,,,,
"DEU",2005 W35,191,26044802,0.7,,,,,,,,,,,,
"DEU",2005 W36,211,26040575,0.8,,,,,,,,,,,,
"DEU",2005 W37,179,26036348,0.7,,,,,,,,,,,,
"DEU",2005 W38,169,26032120,0.6,,,,,,,,,,,,
"DEU",2005 W39,191,26027893,0.7,,,,,,,,,,,,
"DEU",2005 W40,186,26023666,0.7,,,,,,,,,,,,
"DEU",2005 W41,195,26019439,0.7,,,,,,,,,,,,
"DEU",2005 W42,191,26015212,0.7,,,,,,,,,,,,
"DEU",2005 W43,215,26010984,0.8,,,,,,,,,,,,
"DEU",2005 W44,181,26006757,0.7,,,,,,,,,,,,
"DEU",2005 W45,176,26002530,0.7,,,,,,,,,,,,
"DEU",2005 W46,191,25998303,0.7,,,,,,,,,,,,
"DEU",2005 W47,188,25994076,0.7,,,,,,,,,,,,
"DEU",2005 W48,191,25989848,0.7,,,,,,,,,,,,
"DEU",2005 W49,189,25985621,0.7,,,,,,,,,,,,
"DEU",2005 W50,185,25981394,0.7,,,,,,,,,,,,
"DEU",2005 W51,186,25977167,0.7,,,,,,,,,,,,
"DEU",2005 W52,184,25972940,0.7,,,,,,,,,,,,
"DEU",2006 W01,175,25968780,0.7,,,,,,,,,,,,
"DEU",2006 W02,161,25964672,0.6,,,,,,,,,,,,
"DEU",2006 W03,197,25960563,0.8,,,,,,,,,,,,
"DEU",2006 W04,177,25956454,0.7,,,,,,,,,,,,
"DEU",2006 W05,196,25952345,0.8,,,,,,,,,,,,
"DEU",2006 W06,196,25948237,0.8,,,,,,,,,,,,
"DEU",2006 W07,172,25944128,0.7,,,,,,,,,,,,
"DEU",2006 W08,170,25940019,0.7,,,,,,,,,,,,
"DEU",2006 W09,166,25935911,0.6,,,,,,,,,,,,
"DEU",2006 W10,163,25931802,0.6,,,,,,,,,,,,
"DEU",2006 W11,187,25927693,0.7,,,,,,,,,,,,
"DEU",2006 W12,171,25923585,0.7,,,,,,,,,,,,
"DEU",2006 W13,177,25919476,0.7,,,,,,,,,,,,
"DEU",2006 W14,210,25915367,0.8,,,,,,,,,,,,
"DEU",2006 W15,186,25911259,0.7,,,,,,,,,,,,
"DEU",2006 W16,184,25907150,0.7,,,,,,,,,,,,
"DEU",2006 W17,170,25903041,0.7,,,,,,,,,,,,
"DEU",2006 W18,191,25898933,0.7,,,,,,,,,,,,
"DEU",2006 W19,209,25894824,0.8,,,,,,,,,,,,
"DEU",2006 W20,184,25890715,0.7,,,,,,,,,,,,
"DEU",2006 W21,178,25886607,0.7,,,,,,,,,,,,
"DEU",2006 W22,178,25882498,0.7,,,,,,,,,,,,
"DEU",2006 W23,161,25878389,0.6,,,,,,,,,,,,
"DEU",2006 W24,208,25874281,0.8,,,,,,,,,,,,
"DEU",2006 W25,196,25870172,0.8,,,,,,,,,,,,
"DEU",2006 W26,188,25866063,0.7,,,,,,,,,,,,
"DEU",2006 W27,203,25861955,0.8,,,,,,,,,,,,
"DEU",2006 W28,181,25857846,0.7,,,,,,,,,,,,
"DEU",2006 W29,206,25853737,0.8,,,,,,,,,,,,
"DEU",2006 W30,206,25849629,0.8,,,,,,,,,,,,
"DEU",2006 W31,166,25845520,0.6,,,,,,,,,,,,
"DEU",2006 W32,161,25841411,0.6,,,,,,,,,,,,
"DEU",2006 W33,204,25837303,0.8,,,,,,,,,,,,
"DEU",2006 W34,172,25833194,0.7,,,,,,,,,,,,
"DEU",2006 W35,185,25829085,0.7,,,,,,,,,,,,
"DEU",2006 W36,189,25824977,0.7,,,,,,,,,,,,
"DEU",2006 W37,178,25820868,0.7,,,,,,,,,,,,
"DEU",2006 W38,178,25816759,0.7,,,,,,,,,,,,
"DEU",2006 W39,188,25812651,0.7,,,,,,,,,,,,
"DEU",2006 W40,198,25808542,0.8,,,,,,,,,,,,
"DEU",2006 W41,180,25804433,0.7,,,,,,,,,,,,
"DEU",2006 W42,197,25800325,0.8,,,,,,,,,,,,
"DEU",2006 W43,162,25796216,0.6,,,,,,,,,,,,
"DEU",2006 W44,180,25792107,0.7,,,,,,,,,,,,
"DEU",2006 W45,153,25787999,0.6,,,,,,,,,,,,
"DEU",2006 W46,196,25783890,0.8,,,,,,,,,,,,
"DEU",2006 W47,162,25779781,0.6,,,,,,,,,,,,
"DEU",2006 W48,173,25775673,0.7,,,,,,,,,,,,
"DEU",2006 W49,202,25771564,0.8,,,,,,,,,,,,
"DEU",2006 W50,170,25767455,0.7,,,,,,,,,,,,
"DEU",2006 W51,179,25763346,0.7,,,,,,,,,,,,
"DEU",2006 W52,163,25759238,0.6,,,,,,,,,,,,
"DEU",2007 W01,197,25754801,0.8,,,,,,,,,,,,
"DEU",2007 W02,210,25749928,0.8,,,,,,,,,,,,
"DEU",2007 W03,175,25745054,0.7,,,,,,,,,,,,
"DEU",2007 W04,166,25740181,0.6,,,,,,,,,,,,
"DEU",2007 W05,192,25735307,0.7,,,,,,,,,,,,
"DEU",2007 W06,187,25730433,0.7,,,,,,,,,,,,
"DEU",2007 W07,165,25725560,0.6,,,,,,,,,,,,
"DEU",2007 W08,187,25720686,0.7,,,,,,,,,,,,
"DEU",2007 W09,196,25715813,0.8,,,,,,,,,,,,
"DEU",2007 W10,185,25710939,0.7,,,,,,,,,,,,
"DEU",2007 W11,173,25706065,0.7,,,,,,,,,,,,
"DEU",2007 W12,190,25701192,0.7,,,,,,,,,,,,
"DEU",2007 W13,190,25696318,0.7,,,,,,,,,,,,
"DEU",2007 W14,196,25691445,0.8,,,,,,,,,,,,
"DEU",2007 W15,180,25686571,0.7,,,,,,,,,,,,
"DEU",2007 W16,190,25681697,0.7,,,,,,,,,,,,
"DEU",2007 W17,181,25676824,0.7,,,,,,,,,,,,
"DEU",2007 W18,219,25671950,0.9,,,,,,,,,,,,
"DEU",2007 W19,178,25667077,0.7,,,,,,,,,,,,
"DEU",2007 W20,186,25662203,0.7,,,,,,,,,,,,
"DEU",2007 W21,202,25657329,0.8,,,,,,,,,,,,
"DEU",2007 W22,184,25652456,0.7,,,,,,,,,,,,
"DEU",2007 W23,215,25647582,0.8,,,,,,,,,,,,
"DEU",2007 W24,174,25642709,0.7,,,,,,,,,,,,
"DEU",2007 W25,184,25637835,0.7,,,,,,,,,,,,
"DEU",2007 W26,188,25632962,0.7,,,,,,,,,,,,
"DEU",2007 W27,195,25628088,0.8,,,,,,,,,,,,
"DEU",2007 W28,182,25623214,0.7,,,,,,,,,,,,
"DEU",2007 W29,212,25618341,0.8,,,,,,,,,,,,
"DEU",2007 W30,192,25613467,0.7,,,,,,,,,,,,
"DEU",2007 W31,170,25608594,0.7,,,,,,,,,,,,
"DEU",2007 W32,210,25603720,0.8,,,,,,,,,,,,
"DEU",2007 W33,187,25598846,0.7,,,,,,,,,,,,
"DEU",2007 W34,159,25593973,0.6,,,,,,,,,,,,
"DEU",2007 W35,165,25589099,0.6,,,,,,,,,,,,
"DEU",2007 W36,191,25584226,0.7,,,,,,,,,,,,
"DEU",2007 W37,198,25579352,0.8,,,,,,,,,,,,
"DEU",2007 W38,196,25574478,0.8,,,,,,,,,,,,
"DEU",2007 W39,176,25569605,0.7,,,,,,,,,,,,
"DEU",2007 W40,178,25564731,0.7,,,,,,,,,,,,
"DEU",2007 W41,154,25559858,0.6,,,,,,,,,,,,
"DEU",2007 W42,189,25554984,0.7,,,,,,,,,,,,
"DEU",2007 W43,172,25550110,0.7,,,,,,,,,,,,
"DEU",2007 W44,180,25545237,0.7,,,,,,,,,,,,
"DEU",2007 W45,156,25540363,0.6,,,,,,,,,,,,
"DEU",2007 W46,174,25535490,0.7,,,,,,,,,,,,
"DEU",2007 W47,167,25530616,0.7,,,,,,,,,,,,
"DEU",2007 W48,168,25525743,0.7,,,,,,,,,,,,
"DEU",2007 W49,198,25520869,0.8,,,,,,,,,,,,
"DEU",2007 W50,169,25515995,0.7,,,,,,,,,,,,
"DEU",2007 W51,163,25511122,0.6,,,,,,,,,,,,
"DEU",2007 W52,176,25506248,0.7,,,,,,,,,,,,
"DEU",2008 W01,183,25501402,0.7,,,,,,,,,,,,
"DEU",2008 W02,173,25496615,0.7,,,,,,,,,,,,
"DEU",2008 W03,181,25491830,0.7,,,,,,,,,,,,
"DEU",2008 W04,167,25487045,0.7,,,,,,,,,,,,
"DEU",2008 W05,192,25482260,0.8,,,,,,,,,,,,
"DEU",2008 W06,172,25477475,0.7,,,,,,,,,,,,
"DEU",2008 W07,193,25472690,0.8,,,,,,,,,,,,
"DEU",2008 W08,196,25467905,0.8,,,,,,,,,,,,
"DEU",2008 W09,179,25463120,0.7,,,,,,,,,,,,
"DEU",2008 W10,185,25458335,0.7,,,,,,,,,,,,
"DEU",2008 W11,164,25453550,0.6,,,,,,,,,,,,
"DEU",2008 W12,180,25448766,0.7,,,,,,,,,,,,
"DEU",2008 W13,186,25443981,0.7,,,,,,,,,,,,
"DEU",2008 W14,204,25439196,0.8,,,,,,,,,,,,
"DEU",2008 W15,170,25434411,0.7,,,,,,,,,,,,
"DEU",2008 W16,170,25429626,0.7,,,,,,,,,,,,
"DEU",2008 W17,187,25424841,0.7,,,,,,,,,,,,
"DEU",2008 W18,196,25420056,0.8,,,,,,,,,,,,
"DEU",2008 W19,178,25415271,0.7,,,,,,,,,,,,
"DEU",2008 W20,170,25410486,0.7,,,,,,,,,,,,
"DEU",2008 W21,200,25405701,0.8,,,,,,,,,,,,
"DEU",2008 W22,194,25400916,0.8,,,,,,,,,,,,
"DEU",2008 W23,169,25396131,0.7,,,,,,,,,,,,
"DEU",2008 W24,160,25391346,0.6,,,,,,,,,,,,
"DEU",2008 W25,192,25386561,0.8,,,,,,,,,,,,
"DEU",2008 W26,177,25381776,0.7,,,,,,,,,,,,
"DEU",2008 W27,194,25376991,0.8,,,,,,,,,,,,
"DEU",2008 W28,176,25372206,0.7,,,,,,,,,,,,
"DEU",2008 W29,147,25367422,0.6,,,,,,,,,,,,
"DEU",2008 W30,182,25362637,0.7,,,,,,,,,,,,
"DEU",2008 W31,181,25357852,0.7,,,,,,,,,,,,
"DEU",2008 W32,171,25353067,0.7,,,,,,,,,,,,
"DEU",2008 W33,147,25348282,0.6,,,,,,,,,,,,
"DEU",2008 W34,193,25343497,0.8,,,,,,,,,,,,
"DEU",2008 W35,166,25338712,0.7,,,,,,,,,,,,
"DEU",2008 W36,194,25333927,0.8,,,,,,,,,,,,
"DEU",2008 W37,155,25329142,0.6,,,,,,,,,,,,
"DEU",2008 W38,148,25324357,0.6,,,,,,,,,,,,
"DEU",2008 W39,176,25319572,0.7,,,,,,,,,,,,
"DEU",2008 W40,177,25314787,0.7,,,,,,,,,,,,
"DEU",2008 W41,177,25310002,0.7,,,,,,,,,,,,
"DEU",2008 W42,155,25305217,0.6,,,,,,,,,,,,
"DEU",2008 W43,182,25300432,0.7,,,,,,,,,,,,
"DEU",2008 W44,176,25295647,0.7,,,,,,,,,,,,
"DEU",2008 W45,155,25290863,0.6,,,,,,,,,,,,
"DEU",2008 W46,161,25286078,0.6,,,,,,,,,,,,
"DEU",2008 W47,167,25281293,0.7,,,,,,,,,,,,
"DEU",2008 W48,146,25276508,0.6,,,,,,,,,,,,
"DEU",2008 W49,179,25271723,0.7,,,,,,,,,,,,
"DEU",2008 W50,167,25266938,0.7,,,,,,,,,,,,
"DEU",2008 W51,162,25262153,0.6,,,,,,,,,,,,
"DEU",2008 W52,135,25257368,0.5,,,,,,,,,,,,
"DEU",2009 W01,153,25252642,0.6,,,,,,,,,,,,
"DEU",2009 W02,165,25248279,0.7,,,,,,,,,,,,
"DEU",2009 W03,149,25243975,0.6,,,,,,,,,,,,
"DEU",2009 W04,191,25239672,0.8,,,,,,,,,,,,
"DEU",2009 W05,136,25235368,0.5,,,,,,,,,,,,
"DEU",2009 W06,188,25231064,0.7,,,,,,,,,,,,
"DEU",2009 W07,207,25226760,0.8,,,,,,,,,,,,
"DEU",2009 W08,175,25222457,0.7,,,,,,,,,,,,
"DEU",2009 W09,199,25218153,0.8,,,,,,,,,,,,
"DEU",2009 W10,168,25213849,0.7,,,,,,,,,,,,
"DEU",2009 W11,193,25209545,0.8,,,,,,,,,,,,
"DEU",2009 W12,149,25205242,0.6,,,,,,,,,,,,
"DEU",2009 W13,170,25200938,0.7,,,,,,,,,,,,
"DEU",2009 W14,161,25196634,0.6,,,,,,,,,,,,
"DEU",2009 W15,206,25192330,0.8,,,,,,,,,,,,
"DEU",2009 W16,153,25188026,0.6,,,,,,,,,,,,
"DEU",2009 W17,175,25183723,0.7,,,,,,,,,,,,
"DEU",2009 W18,181,25179419,0.7,,,,,,,,,,,,
"DEU",2009 W19,153,25175115,0.6,,,,,,,,,,,,
"DEU",2009 W20,175,25170811,0.7,,,,,,,,,,,,
"DEU",2009 W21,177,25166508,0.7,,,,,,,,,,,,
"DEU",2009 W22,230,25162204,0.9,,,,,,,,,,,,
"DEU",2009 W23,175,25157900,0.7,,,,,,,,,,,,
"DEU",2009 W24,175,25153596,0.7,,,,,,,,,,,,
"DEU",2009 W25,156,25149292,0.6,,,,,,,,,,,,
"DEU",2009 W26,156,25144989,0.6,,,,,,,,,,,,
"DEU",2009 W27,161,25140685,0.6,,,,,,,,,,,,
"DEU",2009 W28,166,25136381,0.7,,,,,,,,,,,,
"DEU",2009 W29,166,25132077,0.7,,,,,,,,,,,,
"DEU",2009 W30,185,25127774,0.7,,,,,,,,,,,,
"DEU",2009 W31,184,25123470,0.7,,,,,,,,,,,,
"DEU",2009 W32,177,25119166,0.7,,,,,,,,,,,,
"DEU",2009 W33,156,25114862,0.6,,,,,,,,,,,,
"DEU",2009 W34,164,25110559,0.7,,,,,,,,,,,,
"DEU",2009 W35,153,25106255,0.6,,,,,,,,,,,,
"DEU",2009 W36,165,25101951,0.7,,,,,,,,,,,,
"DEU",2009 W37,164,25097647,0.7,,,,,,,,,,,,
"DEU",2009 W38,160,25093343,0.6,,,,,,,,,,,,
"DEU",2009 W39,179,25089040,0.7,,,,,,,,,,,,
"DEU",2009 W40,165,25084736,0.7,,,,,,,,,,,,
"DEU",2009 W41,154,25080432,0.6,,,,,,,,,,,,
"DEU",2009 W42,138,25076128,0.6,,,,,,,,,,,,
"DEU",2009 W43,154,25071825,0.6,,,,,,,,,,,,
"DEU",2009 W44,200,25067521,0.8,,,,,,,,,,,,
"DEU",2009 W45,165,25063217,0.7,,,,,,,,,,,,
"DEU",2009 W46,184,25058913,0.7,,,,,,,,,,,,
"DEU",2009 W47,179,25054609,0.7,,,,,,,,,,,,
"DEU",2009 W48,189,25050306,0.8,,,,,,,,,,,,
"DEU",2009 W49,193,25046002,0.8,,,,,,,,,,,,
"DEU",2009 W50,154,25041698,0.6,,,,,,,,,,,,
"DEU",2009 W51,165,25037394,0.7,,,,,,,,,,,,
"DEU",2009 W52,161,25033091,0.6,,,,,,,,,,,,
"DEU",2009 W53,168,25028405,0.7,,,,,,,,,,,,
"DEU",2010 W01,144,25019135,0.6,,,,,,,,,,,,
"DEU",2010 W02,139,25008592,0.6,,,,,,,,,,,,
"DEU",2010 W03,167,24998049,0.7,,,,,,,,,,,,
"DEU",2010 W04,159,24987507,0.6,,,,,,,,,,,,
"DEU",2010 W05,153,24976964,0.6,,,,,,,,,,,,
"DEU",2010 W06,159,24966421,0.6,,,,,,,,,,,,
"DEU",2010 W07,156,24955878,0.6,,,,,,,,,,,,
"DEU",2010 W08,169,24945335,0.7,,,,,,,,,,,,
"DEU",2010 W09,164,24934792,0.7,,,,,,,,,,,,
"DEU",2010 W10,148,24924249,0.6,,,,,,,,,,,,
"DEU",2010 W11,158,24913706,0.6,,,,,,,,,,,,
"DEU",2010 W12,185,24903164,0.7,,,,,,,,,,,,
"DEU",2010 W13,179,24892621,0.7,,,,,,,,,,,,
"DEU",2010 W14,165,24882078,0.7,,,,,,,,,,,,
"DEU",2010 W15,170,24871535,0.7,,,,,,,,,,,,
"DEU",2010 W16,170,24860992,0.7,,,,,,,,,,,,
"DEU",2010 W17,160,24850449,0.6,,,,,,,,,,,,
"DEU",2010 W18,158,24839906,0.6,,,,,,,,,,,,
"DEU",2010 W19,162,24829363,0.7,,,,,,,,,,,,
"DEU",2010 W20,175,24818820,0.7,,,,,,,,,,,,
"DEU",2010 W21,177,24808278,0.7,,,,,,,,,,,,
"DEU",2010 W22,170,24797735,0.7,,,,,,,,,,,,
"DEU",2010 W23,165,24787192,0.7,,,,,,,,,,,,
"DEU",2010 W24,185,24776649,0.7,,,,,,,,,,,,
"DEU",2010 W25,178,24766106,0.7,,,,,,,,,,,,
"DEU",2010 W26,196,24755563,0.8,,,,,,,,,,,,
"DEU",2010 W27,174,24745020,0.7,,,,,,,,,,,,
"DEU",2010 W28,192,24734477,0.8,,,,,,,,,,,,
"DEU",2010 W29,182,24723935,0.7,,,,,,,,,,,,
"DEU",2010 W30,168,24713392,0.7,,,,,,,,,,,,
"DEU",2010 W31,156,24702849,0.6,,,,,,,,,,,,
"DEU",2010 W32,158,24692306,0.6,,,,,,,,,,,,
"DEU",2010 W33,168,24681763,0.7,,,,,,,,,,,,
"DEU",2010 W34,164,24671220,0.7,,,,,,,,,,,,
"DEU",2010 W35,173,24660677,0.7,,,,,,,,,,,,
"DEU",2010 W36,199,24650134,0.8,,,,,,,,,,,,
"DEU",2010 W37,180,24639591,0.7,,,,,,,,,,,,
"DEU",2010 W38,158,24629049,0.6,,,,,,,,,,,,
"DEU",2010 W39,154,24618506,0.6,,,,,,,,,,,,
"DEU",2010 W40,175,24607963,0.7,,,,,,,,,,,,
"DEU",2010 W41,133,24597420,0.5,,,,,,,,,,,,
"DEU",2010 W42,153,24586877,0.6,,,,,,,,,,,,
"DEU",2010 W43,142,24576334,0.6,,,,,,,,,,,,
"DEU",2010 W44,186,24565791,0.8,,,,,,,,,,,,
"DEU",2010 W45,184,24555248,0.7,,,,,,,,,,,,
"DEU",2010 W46,165,24544706,0.7,,,,,,,,,,,,
"DEU",2010 W47,155,24534163,0.6,,,,,,,,,,,,
"DEU",2010 W48,136,24523620,0.6,,,,,,,,,,,,
"DEU",2010 W49,162,24513077,0.7,,,,,,,,,,,,
"DEU",2010 W50,172,24502534,0.7,,,,,,,,,,,,
"DEU",2010 W51,173,24491991,0.7,,,,,,,,,,,,
"DEU",2010 W52,164,24481633,0.7,,,,,,,,,,,,
"DEU",2011 W01,148,24477356,0.6,,,,,,,,,,,,
"DEU",2011 W02,174,24475843,0.7,,,,,,,,,,,,
"DEU",2011 W03,194,24474331,0.8,,,,,,,,,,,,
"DEU",2011 W04,168,24472818,0.7,,,,,,,,,,,,
"DEU",2011 W05,177,24471305,0.7,,,,,,,,,,,,
"DEU",2011 W06,182,24469793,0.7,,,,,,,,,,,,
"DEU",2011 W07,176,24468280,0.7,,,,,,,,,,,,
"DEU",2011 W08,176,24466768,0.7,,,,,,,,,,,,
"DEU",2011 W09,174,24465255,0.7,,,,,,,,,,,,
"DEU",2011 W10,154,24463743,0.6,,,,,,,,,,,,
"DEU",2011 W11,148,24462230,0.6,,,,,,,,,,,,
"DEU",2011 W12,177,24460718,0.7,,,,,,,,,,,,
"DEU",2011 W13,174,24459205,0.7,,,,,,,,,,,,
"DEU",2011 W14,179,24457693,0.7,,,,,,,,,,,,
"DEU",2011 W15,154,24456180,0.6,,,,,,,,,,,,
"DEU",2011 W16,165,24454668,0.7,,,,,,,,,,,,
"DEU",2011 W17,166,24453155,0.7,,,,,,,,,,,,
"DEU",2011 W18,170,24451642,0.7,,,,,,,,,,,,
"DEU",2011 W19,152,24450130,0.6,,,,,,,,,,,,
"DEU",2011 W20,174,24448617,0.7,,,,,,,,,,,,
"DEU",2011 W21,142,24447105,0.6,,,,,,,,,,,,
"DEU",2011 W22,153,24445592,0.6,,,,,,,,,,,,
"DEU",2011 W23,174,24444080,0.7,,,,,,,,,,,,
"DEU",2011 W24,170,24442567,0.7,,,,,,,,,,,,
"DEU",2011 W25,162,24441055,0.7,,,,,,,,,,,,
"DEU",2011 W26,172,24439542,0.7,,,,,,,,,,,,
"DEU",2011 W27,162,24438030,0.7,,,,,,,,,,,,
"DEU",2011 W28,161,24436517,0.7,,,,,,,,,,,,
"DEU",2011 W29,176,24435005,0.7,,,,,,,,,,,,
"DEU",2011 W30,160,24433492,0.7,,,,,,,,,,,,
"DEU",2011 W31,151,24431980,0.6,,,,,,,,,,,,
"DEU",2011 W32,164,24430467,0.7,,,,,,,,,,,,
"DEU",2011 W33,172,24428954,0.7,,,,,,,,,,,,
"DEU",2011 W34,198,24427442,0.8,,,,,,,,,,,,
"DEU",2011 W35,168,24425929,0.7,,,,,,,,,,,,
"DEU",2011 W36,160,24424417,0.7,,,,,,,,,,,,
"DEU",2011 W37,149,24422904,0.6,,,,,,,,,,,,
"DEU",2011 W38,156,24421392,0.6,,,,,,,,,,,,
"DEU",2011 W39,171,24419879,0.7,,,,,,,,,,,,
"DEU",2011 W40,137,24418367,0.6,,,,,,,,,,,,
"DEU",2011 W41,148,24416854,0.6,,,,,,,,,,,,
"DEU",2011 W42,140,24415342,0.6,,,,,,,,,,,,
"DEU",2011 W43,163,24413829,0.7,,,,,,,,,,,,
"DEU",2011 W44,177,24412317,0.7,,,,,,,,,,,,
"DEU",2011 W45,145,24410804,0.6,,,,,,,,,,,,
"DEU",2011 W46,161,24409291,0.7,,,,,,,,,,,,
"DEU",2011 W47,164,24407779,0.7,,,,,,,,,,,,
"DEU",2011 W48,167,24406266,0.7,,,,,,,,,,,,
"DEU",2011 W49,176,24404754,0.7,,,,,,,,,,,,
"DEU",2011 W50,158,24403241,0.6,,,,,,,,,,,,
"DEU",2011 W51,160,24401729,0.7,,,,,,,,,,,,
"DEU",2011 W52,165,24400216,0.7,,,,,,,,,,,,
"DEU",2012 W01,166,24399479,0.7,,,,,,,,,,,,
"DEU",2012 W02,156,24399322,0.6,,,,,,,,,,,,
"DEU",2012 W03,172,24399166,0.7,,,,,,,,,,,,
"DEU",2012 W04,149,24399009,0.6,,,,,,,,,,,,
"DEU",2012 W05,146,24398853,0.6,,,,,,,,,,,,
"DEU",2012 W06,159,24398696,0.7,,,,,,,,,,,,
"DEU",2012 W07,172,24398540,0.7,,,,,,,,,,,,
"DEU",2012 W08,161,24398383,0.7,,,,,,,,,,,,
"DEU",2012 W09,154,24398227,0.6,,,,,,,,,,,,
"DEU",2012 W10,138,24398070,0.6,,,,,,,,,,,,
"DEU",2012 W11,140,24397914,0.6,,,,,,,,,,,,
"DEU",2012 W12,143,24397757,0.6,,,,,,,,,,,,
"DEU",2012 W13,148,24397601,0.6,,,,,,,,,,,,
"DEU",2012 W14,151,24397444,0.6,,,,,,,,,,,,
"DEU",2012 W15,141,24397288,0.6,,,,,,,,,,,,
"DEU",2012 W16,161,24397131,0.7,,,,,,,,,,,,
"DEU",2012 W17,155,24396975,0.6,,,,,,,,,,,,
"DEU",2012 W18,134,24396818,0.5,,,,,,,,,,,,
"DEU",2012 W19,129,24396662,0.5,,,,,,,,,,,,
"DEU",2012 W20,139,24396505,0.6,,,,,,,,,,,,
"DEU",2012 W21,147,24396349,0.6,,,,,,,,,,,,
"DEU",2012 W22,160,24396192,0.7,,,,,,,,,,,,
"DEU",2012 W23,171,24396036,0.7,,,,,,,,,,,,
"DEU",2012 W24,167,24395879,0.7,,,,,,,,,,,,
"DEU",2012 W25,158,24395723,0.6,,,,,,,,,,,,
"DEU",2012 W26,164,24395566,0.7,,,,,,,,,,,,
"DEU",2012 W27,168,24395410,0.7,,,,,,,,,,,,
"DEU",2012 W28,155,24395253,0.6,,,,,,,,,,,,
"DEU",2012 W29,125,24395097,0.5,,,,,,,,,,,,
"DEU",2012 W30,185,24394940,0.8,,,,,,,,,,,,
"DEU",2012 W31,155,24394784,0.6,,,,,,,,,,,,
"DEU",2012 W32,153,24394628,0.6,,,,,,,,,,,,
"DEU",2012 W33,156,24394471,0.6,,,,,,,,,,,,
"DEU",2012 W34,153,24394315,0.6,,,,,,,,,,,,
"DEU",2012 W35,141,24394158,0.6,,,,,,,,,,,,
"DEU",2012 W36,169,24394002,0.7,,,,,,,,,,,,
"DEU",2012 W37,138,24393845,0.6,,,,,,,,,,,,
"DEU",2012 W38,163,24393689,0.7,,,,,,,,,,,,
"DEU",2012 W39,153,24393532,0.6,,,,,,,,,,,,
"DEU",2012 W40,142,24393376,0.6,,,,,,,,,,,,
"DEU",2012 W41,147,24393219,0.6,,,,,,,,,,,,
"DEU",2012 W42,159,24393063,0.7,,,,,,,,,,,,
"DEU",2012 W43,130,24392906,0.5,,,,,,,,,,,,
"DEU",2012 W44,158,24392750,0.6,,,,,,,,,,,,
"DEU",2012 W45,114,24392593,0.5,,,,,,,,,,,,
"DEU",2012 W46,159,24392437,0.7,,,,,,,,,,,,
"DEU",2012 W47,120,24392280,0.5,,,,,,,,,,,,
"DEU",2012 W48,140,24392124,0.6,,,,,,,,,,,,
"DEU",2012 W49,155,24391967,0.6,,,,,,,,,,,,
"DEU",2012 W50,164,24391811,0.7,,,,,,,,,,,,
"DEU",2012 W51,134,24391654,0.5,,,,,,,,,,,,
"DEU",2012 W52,129,24391498,0.5,,,,,,,,,,,,
"DEU",2013 W01,145,24392066,0.6,,,,,,,,,,,,
"DEU",2013 W02,157,24394228,0.6,,,,,,,,,,,,
"DEU",2013 W03,138,24396439,0.6,,,,,,,,,,,,
"DEU",2013 W04,150,24398650,0.6,,,,,,,,,,,,
"DEU",2013 W05,154,24400861,0.6,,,,,,,,,,,,
"DEU",2013 W06,170,24403072,0.7,,,,,,,,,,,,
"DEU",2013 W07,165,24405283,0.7,,,,,,,,,,,,
"DEU",2013 W08,168,24407493,0.7,,,,,,,,,,,,
"DEU",2013 W09,180,24409704,0.7,,,,,,,,,,,,
"DEU",2013 W10,179,24411915,0.7,,,,,,,,,,,,
"DEU",2013 W11,135,24414126,0.6,,,,,,,,,,,,
"DEU",2013 W12,159,24416337,0.7,,,,,,,,,,,,
"DEU",2013 W13,140,24418548,0.6,,,,,,,,,,,,
"DEU",2013 W14,154,24420758,0.6,,,,,,,,,,,,
"DEU",2013 W15,170,24422969,0.7,,,,,,,,,,,,
"DEU",2013 W16,172,24425180,0.7,,,,,,,,,,,,
"DEU",2013 W17,147,24427391,0.6,,,,,,,,,,,,
"DEU",2013 W18,161,24429602,0.7,,,,,,,,,,,,
"DEU",2013 W19,153,24431813,0.6,,,,,,,,,,,,
"DEU",2013 W20,151,24434023,0.6,,,,,,,,,,,,
"DEU",2013 W21,135,24436234,0.6,,,,,,,,,,,,
"DEU",2013 W22,143,24438445,0.6,,,,,,,,,,,,
"DEU",2013 W23,154,24440656,0.6,,,,,,,,,,,,
"DEU",2013 W24,140,24442867,0.6,,,,,,,,,,,,
"DEU",2013 W25,150,24445078,0.6,,,,,,,,,,,,
"DEU",2013 W26,131,24447288,0.5,,,,,,,,,,,,
"DEU",2013 W27,143,24449499,0.6,,,,,,,,,,,,
"DEU",2013 W28,135,24451710,0.6,,,,,,,,,,,,
"DEU",2013 W29,157,24453921,0.6,,,,,,,,,,,,
"DEU",2013 W30,164,24456132,0.7,,,,,,,,,,,,
"DEU",2013 W31,152,24458343,0.6,,,,,,,,,,,,
"DEU",2013 W32,161,24460553,0.7,,,,,,,,,,,,
"DEU",2013 W33,150,24462764,0.6,,,,,,,,,,,,
"DEU",2013 W34,130,24464975,0.5,,,,,,,,,,,,
"DEU",2013 W35,144,24467186,0.6,,,,,,,,,,,,
"DEU",2013 W36,137,24469397,0.6,,,,,,,,,,,,
"DEU",2013 W37,145,24471608,0.6,,,,,,,,,,,,
"DEU",2013 W38,164,24473818,0.7,,,,,,,,,,,,
"DEU",2013 W39,131,24476029,0.5,,,,,,,,,,,,
"DEU",2013 W40,137,24478240,0.6,,,,,,,,,,,,
"DEU",2013 W41,160,24480451,0.7,,,,,,,,,,,,
"DEU",2013 W42,158,24482662,0.6,,,,,,,,,,,,
"DEU",2013 W43,161,24484873,0.7,,,,,,,,,,,,
"DEU",2013 W44,128,24487083,0.5,,,,,,,,,,,,
"DEU",2013 W45,133,24489294,0.5,,,,,,,,,,,,
"DEU",2013 W46,131,24491505,0.5,,,,,,,,,,,,
"DEU",2013 W47,137,24493716,0.6,,,,,,,,,,,,
"DEU",2013 W48,125,24495927,0.5,,,,,,,,,,,,
"DEU",2013 W49,127,24498138,0.5,,,,,,,,,,,,
"DEU",2013 W50,148,24500348,0.6,,,,,,,,,,,,
"DEU",2013 W51,155,24502559,0.6,,,,,,,,,,,,
"DEU",2013 W52,129,24504770,0.5,,,,,,,,,,,,
"DEU",2014 W01,142,24508643,0.6,,,,,,,,,,,,
"DEU",2014 W02,163,24518500,0.7,,,,,,,,,,,,
"DEU",2014 W03,121,24528856,0.5,,,,,,,,,,,,
"DEU",2014 W04,140,24539212,0.6,,,,,,,,,,,,
"DEU",2014 W05,138,24549568,0.6,,,,,,,,,,,,
"DEU",2014 W06,139,24559924,0.6,,,,,,,,,,,,
"DEU",2014 W07,155,24570280,0.6,,,,,,,,,,,,
"DEU",2014 W08,133,24580635,0.5,,,,,,,,,,,,
"DEU",2014 W09,162,24590991,0.7,,,,,,,,,,,,
"DEU",2014 W10,134,24601347,0.5,,,,,,,,,,,,
"DEU",2014 W11,142,24611703,0.6,,,,,,,,,,,,
"DEU",2014 W12,148,24622059,0.6,,,,,,,,,,,,
"DEU",2014 W13,161,24632415,0.7,,,,,,,,,,,,
"DEU",2014 W14,144,24642771,0.6,,,,,,,,,,,,
"DEU",2014 W15,158,24653126,0.6,,,,,,,,,,,,
"DEU",2014 W16,125,24663482,0.5,,,,,,,,,,,,
"DEU",2014 W17,156,24673838,0.6,,,,,,,,,,,,
"DEU",2014 W18,143,24684194,0.6,,,,,,,,,,,,
"DEU",2014 W19,143,24694550,0.6,,,,,,,,,,,,
"DEU",2014 W20,171,24704906,0.7,,,,,,,,,,,,
"DEU",2014 W21,145,24715262,0.6,,,,,,,,,,,,
"DEU",2014 W22,127,24725617,0.5,,,,,,,,,,,,
"DEU",2014 W23,153,24735973,0.6,,,,,,,,,,,,
"DEU",2014 W24,167,24746329,0.7,,,,,,,,,,,,
"DEU",2014 W25,130,24756685,0.5,,,,,,,,,,,,
"DEU",2014 W26,150,24767041,0.6,,,,,,,,,,,,
"DEU",2014 W27,150,24777397,0.6,,,,,,,,,,,,
"DEU",2014 W28,150,24787753,0.6,,,,,,,,,,,,
"DEU",2014 W29,151,24798108,0.6,,,,,,,,,,,,
"DEU",2014 W30,151,24808464,0.6,,,,,,,,,,,,
"DEU",2014 W31,123,24818820,0.5,,,,,,,,,,,,
"DEU",2014 W32,141,24829176,0.6,,,,,,,,,,,,
"DEU",2014 W33,124,24839532,0.5,,,,,,,,,,,,
"DEU",2014 W34,149,24849888,0.6,,,,,,,,,,,,
"DEU",2014 W35,140,24860244,0.6,,,,,,,,,,,,
"DEU",2014 W36,148,24870599,0.6,,,,,,,,,,,,
"DEU",2014 W37,145,24880955,0.6,,,,,,,,,,,,
"DEU",2014 W38,149,24891311,0.6,,,,,,,,,,,,
"DEU",2014 W39,156,24901667,0.6,,,,,,,,,,,,
"DEU",2014 W40,157,24912023,0.6,,,,,,,,,,,,
"DEU",2014 W41,157,24922379,0.6,,,,,,,,,,,,
"DEU",2014 W42,136,24932735,0.5,,,,,,,,,,,,
"DEU",2014 W43,110,24943090,0.4,,,,,,,,,,,,
"DEU",2014 W44,170,24953446,0.7,,,,,,,,,,,,
"DEU",2014 W45,145,24963802,0.6,,,,,,,,,,,,
"DEU",2014 W46,150,24974158,0.6,,,,,,,,,,,,
"DEU",2014 W47,138,24984514,0.6,,,,,,,,,,,,
"DEU",2014 W48,136,24994870,0.5,,,,,,,,,,,,
"DEU",2014 W49,146,25005226,0.6,,,,,,,,,,,,
"DEU",2014 W50,153,25015581,0.6,,,,,,,,,,,,
"DEU",2014 W51,150,25025937,0.6,,,,,,,,,,,,
"DEU",2014 W52,125,25036293,0.5,,,,,,,,,,,,
"DEU",2015 W01,152,25045652,0.6,153,126,180,-1,26,-28,0.61,0.48,0.73,-0.01,0.12,-0.13
"DEU",2015 W02,154,25048866,0.6,161,134,188,-7,20,-34,0.64,0.51,0.76,-0.04,0.09,-0.16
"DEU",2015 W03,139,25051082,0.6,157,130,184,-18,9,-45,0.64,0.51,0.76,-0.04,0.09,-0.16
"DEU",2015 W04,146,25053299,0.6,152,124,179,-6,22,-33,0.6,0.47,0.72,0,0.13,-0.12
"DEU",2015 W05,150,25055515,0.6,163,136,190,-13,14,-40,0.66,0.53,0.78,-0.06,0.07,-0.18
"DEU",2015 W06,169,25057732,0.7,165,138,192,4,31,-23,0.64,0.51,0.76,0.06,0.19,-0.06
"DEU",2015 W07,173,25059948,0.7,169,142,196,4,31,-23,0.7,0.57,0.82,0,0.13,-0.12
"DEU",2015 W08,158,25062165,0.6,163,135,190,-5,23,-32,0.64,0.51,0.76,-0.04,0.09,-0.16
"DEU",2015 W09,152,25064381,0.6,158,131,185,-6,21,-33,0.62,0.49,0.74,-0.02,0.11,-0.14
"DEU",2015 W10,166,25066598,0.7,164,136,191,2,30,-25,0.64,0.51,0.76,0.06,0.19,-0.06
"DEU",2015 W11,151,25068814,0.6,161,133,188,-10,18,-37,0.64,0.51,0.76,-0.04,0.09,-0.16
"DEU",2015 W12,173,25071031,0.7,169,142,196,4,31,-23,0.68,0.55,0.8,0.02,0.15,-0.1
"DEU",2015 W13,177,25073247,0.7,158,131,185,19,46,-8,0.62,0.49,0.74,0.08,0.21,-0.04
"DEU",2015 W14,153,25075464,0.6,162,135,189,-9,18,-36,0.64,0.51,0.76,-0.04,0.09,-0.16
"DEU",2015 W15,157,25077680,0.6,155,128,182,2,29,-25,0.62,0.49,0.74,-0.02,0.11,-0.14
"DEU",2015 W16,130,25079897,0.5,145,118,172,-15,12,-42,0.56,0.43,0.68,-0.06,0.07,-0.18
"DEU",2015 W17,188,25082113,0.7,168,141,195,20,47,-7,0.66,0.53,0.78,0.04,0.17,-0.08
"DEU",2015 W18,149,25084330,0.6,150,123,177,-1,26,-28,0.6,0.47,0.72,0,0.13,-0.12
"DEU",2015 W19,148,25086546,0.6,153,125,180,-5,23,-32,0.6,0.47,0.72,0,0.13,-0.12
"DEU",2015 W20,163,25088763,0.6,150,123,177,13,40,-14,0.58,0.45,0.7,0.02,0.15,-0.1
"DEU",2015 W21,147,25090979,0.6,149,122,176,-2,25,-29,0.58,0.45,0.7,0.02,0.15,-0.1
"DEU",2015 W22,140,25093196,0.6,157,130,184,-17,10,-44,0.62,0.49,0.74,-0.02,0.11,-0.14
"DEU",2015 W23,157,25095412,0.6,150,123,177,7,34,-20,0.6,0.47,0.72,0,0.13,-0.12
"DEU",2015 W24,161,25097629,0.6,169,142,196,-8,19,-35,0.66,0.53,0.78,-0.06,0.07,-0.18
"DEU",2015 W25,156,25099845,0.6,148,121,175,8,35,-19,0.6,0.47,0.72,0,0.13,-0.12
"DEU",2015 W26,164,25102062,0.7,157,130,184,7,34,-20,0.62,0.49,0.74,0.08,0.21,-0.04
"DEU",2015 W27,177,25104278,0.7,167,140,194,10,37,-17,0.66,0.53,0.78,0.04,0.17,-0.08
"DEU",2015 W28,160,25106495,0.6,160,133,187,0,27,-27,0.64,0.51,0.76,-0.04,0.09,-0.16
"DEU",2015 W29,141,25108711,0.6,146,119,173,-5,22,-32,0.58,0.45,0.7,0.02,0.15,-0.1
"DEU",2015 W30,147,25110928,0.6,155,128,182,-8,19,-35,0.62,0.49,0.74,-0.02,0.11,-0.14
"DEU",2015 W31,157,25113144,0.6,164,136,191,-7,21,-34,0.64,0.51,0.76,-0.04,0.09,-0.16
"DEU",2015 W32,149,25115361,0.6,153,126,180,-4,23,-31,0.62,0.49,0.74,-0.02,0.11,-0.14
"DEU",2015 W33,163,25117577,0.6,158,131,185,5,32,-22,0.62,0.49,0.74,-0.02,0.11,-0.14
"DEU",2015 W34,157,25119794,0.6,158,131,185,-1,26,-28,0.6,0.47,0.72,0,0.13,-0.12
"DEU",2015 W35,156,25122010,0.6,154,127,181,2,29,-25,0.6,0.47,0.72,0,0.13,-0.12
"DEU",2015 W36,124,25124227,0.5,151,124,178,-27,0,-54,0.6,0.47,0.72,-0.1,0.03,-0.22
"DEU",2015 W37,147,25126443,0.6,147,120,174,0,27,-27,0.58,0.45,0.7,0.02,0.15,-0.1
"DEU",2015 W38,150,25128660,0.6,152,125,179,-2,25,-29,0.62,0.49,0.74,-0.02,0.11,-0.14
"DEU",2015 W39,157,25130876,0.6,158,131,185,-1,26,-28,0.62,0.49,0.74,-0.02,0.11,-0.14
"DEU",2015 W40,123,25133093,0.5,144,117,171,-21,6,-48,0.56,0.43,0.68,-0.06,0.07,-0.18
"DEU",2015 W41,157,25135309,0.6,154,127,181,3,30,-24,0.6,0.47,0.72,0,0.13,-0.12
"DEU",2015 W42,165,25137526,0.7,161,133,188,4,32,-23,0.64,0.51,0.76,0.06,0.19,-0.06
"DEU",2015 W43,152,25139742,0.6,151,124,178,1,28,-26,0.6,0.47,0.72,0,0.13,-0.12
"DEU",2015 W44,159,25141959,0.6,147,119,174,12,40,-15,0.56,0.43,0.68,0.04,0.17,-0.08
"DEU",2015 W45,150,25144175,0.6,144,117,171,6,33,-21,0.56,0.43,0.68,0.04,0.17,-0.08
"DEU",2015 W46,159,25146392,0.6,157,129,184,2,30,-25,0.62,0.49,0.74,-0.02,0.11,-0.14
"DEU",2015 W47,154,25148608,0.6,155,128,182,-1,26,-28,0.6,0.47,0.72,0,0.13,-0.12
"DEU",2015 W48,138,25150825,0.5,150,123,177,-12,15,-39,0.58,0.45,0.7,-0.08,0.05,-0.2
"DEU",2015 W49,154,25153041,0.6,143,116,170,11,38,-16,0.56,0.43,0.68,0.04,0.17,-0.08
"DEU",2015 W50,148,25155258,0.6,153,126,180,-5,22,-32,0.6,0.47,0.72,0,0.13,-0.12
"DEU",2015 W51,160,25157474,0.6,156,129,183,4,31,-23,0.62,0.49,0.74,-0.02,0.11,-0.14
"DEU",2015 W52,137,25159691,0.5,153,125,180,-16,12,-43,0.6,0.47,0.72,-0.1,0.03,-0.22
"DEU",2015 W53,153,25161761,0.6,151,124,177,2,29,-24,0.6,0.47,0.72,0,0.13,-0.12
"DEU",2016 W01,146,25162071,0.6,158,131,185,-12,15,-39,0.63,0.5,0.76,-0.03,0.1,-0.16
"DEU",2016 W02,149,25161894,0.6,155,128,182,-6,21,-33,0.63,0.5,0.76,-0.03,0.1,-0.16
"DEU",2016 W03,125,25161716,0.5,149,122,176,-24,3,-51,0.59,0.46,0.72,-0.09,0.04,-0.22
"DEU",2016 W04,160,25161538,0.6,161,134,188,-1,26,-28,0.65,0.52,0.78,-0.05,0.08,-0.18
"DEU",2016 W05,157,25161360,0.6,163,136,190,-6,21,-33,0.63,0.5,0.76,-0.03,0.1,-0.16
"DEU",2016 W06,165,25161182,0.7,167,140,194,-2,25,-29,0.69,0.56,0.82,0.01,0.14,-0.12
"DEU",2016 W07,146,25161004,0.6,160,133,187,-14,13,-41,0.63,0.5,0.76,-0.03,0.1,-0.16
"DEU",2016 W08,153,25160826,0.6,156,129,183,-3,24,-30,0.61,0.48,0.74,-0.01,0.12,-0.14
"DEU",2016 W09,160,25160648,0.6,161,134,188,-1,26,-28,0.63,0.5,0.76,-0.03,0.1,-0.16
"DEU",2016 W10,147,25160470,0.6,158,131,185,-11,16,-38,0.63,0.5,0.76,-0.03,0.1,-0.16
"DEU",2016 W11,167,25160292,0.7,167,140,194,0,27,-27,0.67,0.54,0.8,0.03,0.16,-0.1
"DEU",2016 W12,174,25160114,0.7,155,128,182,19,46,-8,0.61,0.48,0.74,0.09,0.22,-0.04
"DEU",2016 W13,179,25159936,0.7,160,133,187,19,46,-8,0.63,0.5,0.76,0.07,0.2,-0.06
"DEU",2016 W14,141,25159758,0.6,152,125,179,-11,16,-38,0.61,0.48,0.74,-0.01,0.12,-0.14
"DEU",2016 W15,135,25159580,0.5,142,115,169,-7,20,-34,0.55,0.42,0.68,-0.05,0.08,-0.18
"DEU",2016 W16,150,25159402,0.6,165,138,192,-15,12,-42,0.65,0.52,0.78,-0.05,0.08,-0.18
"DEU",2016 W17,144,25159224,0.6,148,121,175,-4,23,-31,0.59,0.46,0.72,0.01,0.14,-0.12
"DEU",2016 W18,163,25159046,0.6,150,123,177,13,40,-14,0.59,0.46,0.72,0.01,0.14,-0.12
"DEU",2016 W19,163,25158868,0.6,148,121,175,15,42,-12,0.57,0.44,0.7,0.03,0.16,-0.1
"DEU",2016 W20,162,25158691,0.6,147,120,174,15,42,-12,0.57,0.44,0.7,0.03,0.16,-0.1
"DEU",2016 W21,158,25158513,0.6,154,127,181,4,31,-23,0.61,0.48,0.74,-0.01,0.12,-0.14
"DEU",2016 W22,151,25158335,0.6,148,121,175,3,30,-24,0.59,0.46,0.72,0.01,0.14,-0.12
"DEU",2016 W23,162,25158157,0.6,167,140,194,-5,22,-32,0.65,0.52,0.78,-0.05,0.08,-0.18
"DEU",2016 W24,144,25157979,0.6,146,119,173,-2,25,-29,0.59,0.46,0.72,0.01,0.14,-0.12
"DEU",2016 W25,138,25157801,0.5,155,128,182,-17,10,-44,0.61,0.48,0.74,-0.11,0.02,-0.24
"DEU",2016 W26,169,25157623,0.7,165,138,192,4,31,-23,0.65,0.52,0.78,0.05,0.18,-0.08
"DEU",2016 W27,166,25157445,0.7,158,131,185,8,35,-19,0.63,0.5,0.76,0.07,0.2,-0.06
"DEU",2016 W28,155,25157267,0.6,143,116,170,12,39,-15,0.57,0.44,0.7,0.03,0.16,-0.1
"DEU",2016 W29,177,25157089,0.7,153,126,180,24,51,-3,0.61,0.48,0.74,0.09,0.22,-0.04
"DEU",2016 W30,154,25156911,0.6,161,134,188,-7,20,-34,0.63,0.5,0.76,-0.03,0.1,-0.16
"DEU",2016 W31,156,25156733,0.6,151,124,178,5,32,-22,0.61,0.48,0.74,-0.01,0.12,-0.14
"DEU",2016 W32,138,25156555,0.5,155,128,182,-17,10,-44,0.61,0.48,0.74,-0.11,0.02,-0.24
"DEU",2016 W33,138,25156377,0.5,156,129,183,-18,9,-45,0.59,0.46,0.72,-0.09,0.04,-0.22
"DEU",2016 W34,165,25156199,0.7,151,124,178,14,41,-13,0.59,0.46,0.72,0.11,0.24,-0.02
"DEU",2016 W35,176,25156021,0.7,148,121,175,28,55,1,0.59,0.46,0.72,0.11,0.24,-0.02
"DEU",2016 W36,161,25155843,0.6,144,117,171,17,44,-10,0.57,0.44,0.7,0.03,0.16,-0.1
"DEU",2016 W37,166,25155665,0.7,150,123,177,16,43,-11,0.61,0.48,0.74,0.09,0.22,-0.04
"DEU",2016 W38,153,25155487,0.6,156,129,183,-3,24,-30,0.61,0.48,0.74,-0.01,0.12,-0.14
"DEU",2016 W39,161,25155310,0.6,141,114,168,20,47,-7,0.55,0.42,0.68,0.05,0.18,-0.08
"DEU",2016 W40,156,25155132,0.6,152,125,179,4,31,-23,0.59,0.46,0.72,0.01,0.14,-0.12
"DEU",2016 W41,192,25154954,0.8,158,131,185,34,61,7,0.63,0.5,0.76,0.17,0.3,0.04
"DEU",2016 W42,149,25154776,0.6,149,122,176,0,27,-27,0.59,0.46,0.72,0.01,0.14,-0.12
"DEU",2016 W43,126,25154598,0.5,144,117,171,-18,9,-45,0.55,0.42,0.68,-0.05,0.08,-0.18
"DEU",2016 W44,156,25154420,0.6,142,115,169,14,41,-13,0.55,0.42,0.68,0.05,0.18,-0.08
"DEU",2016 W45,161,25154242,0.6,154,127,181,7,34,-20,0.61,0.48,0.74,-0.01,0.12,-0.14
"DEU",2016 W46,182,25154064,0.7,153,126,180,29,56,2,0.59,0.46,0.72,0.11,0.24,-0.02
"DEU",2016 W47,150,25153886,0.6,147,120,174,3,30,-24,0.57,0.44,0.7,0.03,0.16,-0.1
"DEU",2016 W48,149,25153708,0.6,141,114,168,8,35,-19,0.55,0.42,0.68,0.05,0.18,-0.08
"DEU",2016 W49,149,25153530,0.6,150,123,177,-1,26,-28,0.59,0.46,0.72,0.01,0.14,-0.12
"DEU",2016 W50,166,25153352,0.7,154,127,181,12,39,-15,0.61,0.48,0.74,0.09,0.22,-0.04
"DEU",2016 W51,149,25153174,0.6,150,123,177,-1,26,-28,0.59,0.46,0.72,0.01,0.14,-0.12
"DEU",2016 W52,157,25152996,0.6,148,121,175,9,36,-18,0.59,0.46,0.71,0.01,0.14,-0.11
"DEU",2017 W01,166,25152284,0.7,156,129,183,10,37,-17,0.62,0.49,0.75,0.08,0.21,-0.05
"DEU",2017 W02,171,25151171,0.7,152,125,179,19,46,-8,0.62,0.49,0.75,0.08,0.21,-0.05
"DEU",2017 W03,157,25150059,0.6,146,119,173,11,38,-16,0.58,0.45,0.71,0.02,0.15,-0.11
"DEU",2017 W04,170,25148946,0.7,158,131,185,12,39,-15,0.64,0.51,0.77,0.06,0.19,-0.07
"DEU",2017 W05,156,25147833,0.6,160,133,187,-4,23,-31,0.62,0.49,0.75,-0.02,0.11,-0.15
"DEU",2017 W06,148,25146720,0.6,164,137,191,-16,11,-43,0.68,0.55,0.81,-0.08,0.05,-0.21
"DEU",2017 W07,154,25145608,0.6,157,130,184,-3,24,-30,0.62,0.49,0.75,-0.02,0.11,-0.15
"DEU",2017 W08,175,25144495,0.7,153,126,180,22,49,-5,0.6,0.47,0.73,0.1,0.23,-0.03
"DEU",2017 W09,154,25143382,0.6,158,131,185,-4,23,-31,0.62,0.49,0.75,-0.02,0.11,-0.15
"DEU",2017 W10,156,25142270,0.6,155,128,182,1,28,-26,0.62,0.49,0.75,-0.02,0.11,-0.15
"DEU",2017 W11,169,25141157,0.7,164,137,191,5,32,-22,0.66,0.53,0.79,0.04,0.17,-0.09
"DEU",2017 W12,137,25140044,0.5,153,126,180,-16,11,-43,0.6,0.47,0.73,-0.1,0.03,-0.23
"DEU",2017 W13,145,25138931,0.6,157,130,184,-12,15,-39,0.62,0.49,0.75,-0.02,0.11,-0.15
"DEU",2017 W14,152,25137819,0.6,150,123,177,2,29,-25,0.6,0.47,0.73,0,0.13,-0.13
"DEU",2017 W15,138,25136706,0.5,140,113,167,-2,25,-29,0.54,0.41,0.67,-0.04,0.09,-0.17
"DEU",2017 W16,166,25135593,0.7,163,136,190,3,30,-24,0.64,0.51,0.77,0.06,0.19,-0.07
"DEU",2017 W17,148,25134480,0.6,145,118,172,3,30,-24,0.58,0.45,0.71,0.02,0.15,-0.11
"DEU",2017 W18,151,25133368,0.6,147,120,174,4,31,-23,0.58,0.45,0.71,0.02,0.15,-0.11
"DEU",2017 W19,128,25132255,0.5,145,118,172,-17,10,-44,0.56,0.43,0.69,-0.06,0.07,-0.19
"DEU",2017 W20,156,25131142,0.6,144,117,171,12,39,-15,0.56,0.43,0.69,0.04,0.17,-0.09
"DEU",2017 W21,160,25130030,0.6,152,125,179,8,35,-19,0.6,0.47,0.73,0,0.13,-0.13
"DEU",2017 W22,140,25128917,0.6,145,118,172,-5,22,-32,0.58,0.45,0.71,0.02,0.15,-0.11
"DEU",2017 W23,161,25127804,0.6,164,137,191,-3,24,-30,0.64,0.51,0.77,-0.04,0.09,-0.17
"DEU",2017 W24,142,25126691,0.6,143,116,170,-1,26,-28,0.58,0.45,0.71,0.02,0.15,-0.11
"DEU",2017 W25,160,25125579,0.6,152,125,179,8,35,-19,0.6,0.47,0.73,0,0.13,-0.13
"DEU",2017 W26,153,25124466,0.6,162,135,189,-9,18,-36,0.64,0.51,0.77,-0.04,0.09,-0.17
"DEU",2017 W27,148,25123353,0.6,155,128,182,-7,20,-34,0.62,0.49,0.75,-0.02,0.11,-0.15
"DEU",2017 W28,138,25122240,0.5,141,114,168,-3,24,-30,0.56,0.43,0.69,-0.06,0.07,-0.19
"DEU",2017 W29,130,25121128,0.5,150,123,177,-20,7,-47,0.6,0.47,0.73,-0.1,0.03,-0.23
"DEU",2017 W30,148,25120015,0.6,158,131,185,-10,17,-37,0.62,0.49,0.75,-0.02,0.11,-0.15
"DEU",2017 W31,132,25118902,0.5,148,121,175,-16,11,-43,0.6,0.47,0.73,-0.1,0.03,-0.23
"DEU",2017 W32,155,25117789,0.6,153,126,180,2,29,-25,0.6,0.47,0.73,0,0.13,-0.13
"DEU",2017 W33,160,25116677,0.6,153,126,180,7,34,-20,0.58,0.45,0.71,0.02,0.15,-0.11
"DEU",2017 W34,129,25115564,0.5,149,122,176,-20,7,-47,0.58,0.45,0.71,-0.08,0.05,-0.21
"DEU",2017 W35,146,25114451,0.6,146,119,173,0,27,-27,0.58,0.45,0.71,0.02,0.15,-0.11
"DEU",2017 W36,127,25113339,0.5,142,115,169,-15,12,-42,0.56,0.43,0.69,-0.06,0.07,-0.19
"DEU",2017 W37,147,25112226,0.6,147,120,174,0,27,-27,0.6,0.47,0.73,0,0.13,-0.13
"DEU",2017 W38,153,25111113,0.6,153,126,180,0,27,-27,0.6,0.47,0.73,0,0.13,-0.13
"DEU",2017 W39,151,25110000,0.6,139,112,166,12,39,-15,0.54,0.41,0.67,0.06,0.19,-0.07
"DEU",2017 W40,125,25108888,0.5,149,122,176,-24,3,-51,0.58,0.45,0.71,-0.08,0.05,-0.21
"DEU",2017 W41,133,25107775,0.5,155,128,182,-22,5,-49,0.62,0.49,0.75,-0.12,0.01,-0.25
"DEU",2017 W42,149,25106662,0.6,146,119,173,3,30,-24,0.58,0.45,0.71,0.02,0.15,-0.11
"DEU",2017 W43,155,25105549,0.6,141,114,168,14,41,-13,0.54,0.41,0.67,0.06,0.19,-0.07
"DEU",2017 W44,120,25104437,0.5,139,112,166,-19,8,-46,0.54,0.41,0.67,-0.04,0.09,-0.17
"DEU",2017 W45,145,25103324,0.6,151,124,178,-6,21,-33,0.6,0.47,0.73,0,0.13,-0.13
"DEU",2017 W46,133,25102211,0.5,150,123,177,-17,10,-44,0.58,0.45,0.71,-0.08,0.05,-0.21
"DEU",2017 W47,136,25101099,0.5,145,118,172,-9,18,-36,0.56,0.43,0.69,-0.06,0.07,-0.19
"DEU",2017 W48,132,25099986,0.5,138,111,165,-6,21,-33,0.54,0.41,0.67,-0.04,0.09,-0.17
"DEU",2017 W49,163,25098873,0.6,148,121,175,15,42,-12,0.58,0.45,0.71,0.02,0.15,-0.11
"DEU",2017 W50,142,25097760,0.6,151,124,178,-9,18,-36,0.6,0.47,0.73,0,0.13,-0.13
"DEU",2017 W51,129,25096648,0.5,147,120,174,-18,9,-45,0.58,0.45,0.71,-0.08,0.05,-0.21
"DEU",2017 W52,165,25095535,0.7,145,119,172,20,46,-7,0.58,0.45,0.7,0.12,0.25,0
"DEU",2018 W01,159,25094229,0.6,153,126,180,6,33,-21,0.61,0.48,0.74,-0.01,0.12,-0.14
"DEU",2018 W02,148,25092666,0.6,150,123,177,-2,25,-29,0.61,0.48,0.74,-0.01,0.12,-0.14
"DEU",2018 W03,152,25091103,0.6,144,117,171,8,35,-19,0.57,0.44,0.7,0.03,0.16,-0.1
"DEU",2018 W04,170,25089540,0.7,156,129,183,14,41,-13,0.63,0.5,0.76,0.07,0.2,-0.06
"DEU",2018 W05,160,25087978,0.6,157,130,184,3,30,-24,0.61,0.48,0.74,-0.01,0.12,-0.14
"DEU",2018 W06,172,25086415,0.7,162,135,189,10,37,-17,0.67,0.54,0.8,0.03,0.16,-0.1
"DEU",2018 W07,163,25084852,0.6,155,128,182,8,35,-19,0.61,0.48,0.74,-0.01,0.12,-0.14
"DEU",2018 W08,130,25083289,0.5,151,124,178,-21,6,-48,0.59,0.46,0.72,-0.09,0.04,-0.22
"DEU",2018 W09,162,25081726,0.6,156,129,183,6,33,-21,0.61,0.48,0.74,-0.01,0.12,-0.14
"DEU",2018 W10,172,25080163,0.7,153,126,180,19,46,-8,0.61,0.48,0.74,0.09,0.22,-0.04
"DEU",2018 W11,158,25078600,0.6,162,135,189,-4,23,-31,0.65,0.52,0.78,-0.05,0.08,-0.18
"DEU",2018 W12,143,25077037,0.6,150,123,177,-7,20,-34,0.59,0.46,0.72,0.01,0.14,-0.12
"DEU",2018 W13,150,25075474,0.6,155,128,182,-5,22,-32,0.61,0.48,0.74,-0.01,0.12,-0.14
"DEU",2018 W14,163,25073911,0.7,147,120,174,16,43,-11,0.59,0.46,0.72,0.11,0.24,-0.02
"DEU",2018 W15,152,25072348,0.6,137,110,164,15,42,-12,0.53,0.4,0.66,0.07,0.2,-0.06
"DEU",2018 W16,154,25070785,0.6,160,133,187,-6,21,-33,0.63,0.5,0.76,-0.03,0.1,-0.16
"DEU",2018 W17,158,25069222,0.6,143,116,170,15,42,-12,0.57,0.44,0.7,0.03,0.16,-0.1
"DEU",2018 W18,145,25067660,0.6,145,118,172,0,27,-27,0.57,0.44,0.7,0.03,0.16,-0.1
"DEU",2018 W19,141,25066097,0.6,143,116,170,-2,25,-29,0.55,0.42,0.68,0.05,0.18,-0.08
"DEU",2018 W20,125,25064534,0.5,141,114,168,-16,11,-43,0.55,0.42,0.68,-0.05,0.08,-0.18
"DEU",2018 W21,145,25062971,0.6,149,122,176,-4,23,-31,0.59,0.46,0.72,0.01,0.14,-0.12
"DEU",2018 W22,134,25061408,0.5,143,116,170,-9,18,-36,0.57,0.44,0.7,-0.07,0.06,-0.2
"DEU",2018 W23,169,25059845,0.7,162,135,189,7,34,-20,0.63,0.5,0.76,0.07,0.2,-0.06
"DEU",2018 W24,150,25058282,0.6,140,113,167,10,37,-17,0.57,0.44,0.7,0.03,0.16,-0.1
"DEU",2018 W25,158,25056719,0.6,150,123,177,8,35,-19,0.59,0.46,0.72,0.01,0.14,-0.12
"DEU",2018 W26,155,25055156,0.6,159,132,186,-4,23,-31,0.63,0.5,0.76,-0.03,0.1,-0.16
"DEU",2018 W27,152,25053593,0.6,152,125,179,0,27,-27,0.61,0.48,0.74,-0.01,0.12,-0.14
"DEU",2018 W28,150,25052030,0.6,138,111,165,12,39,-15,0.55,0.42,0.68,0.05,0.18,-0.08
"DEU",2018 W29,150,25050467,0.6,148,121,175,2,29,-25,0.59,0.46,0.72,0.01,0.14,-0.12
"DEU",2018 W30,157,25048905,0.6,156,129,183,1,28,-26,0.61,0.48,0.74,-0.01,0.12,-0.14
"DEU",2018 W31,165,25047342,0.7,145,118,172,20,47,-7,0.59,0.46,0.72,0.11,0.24,-0.02
"DEU",2018 W32,166,25045779,0.7,150,123,177,16,43,-11,0.59,0.46,0.72,0.11,0.24,-0.02
"DEU",2018 W33,153,25044216,0.6,151,124,178,2,29,-25,0.57,0.44,0.7,0.03,0.16,-0.1
"DEU",2018 W34,158,25042653,0.6,146,119,173,12,39,-15,0.57,0.44,0.7,0.03,0.16,-0.1
"DEU",2018 W35,124,25041090,0.5,143,116,170,-19,8,-46,0.57,0.44,0.7,-0.07,0.06,-0.2
"DEU",2018 W36,134,25039527,0.5,139,112,166,-5,22,-32,0.55,0.42,0.68,-0.05,0.08,-0.18
"DEU",2018 W37,144,25037964,0.6,144,117,171,0,27,-27,0.59,0.46,0.72,0.01,0.14,-0.12
"DEU",2018 W38,155,25036401,0.6,151,124,178,4,31,-23,0.59,0.46,0.72,0.01,0.14,-0.12
"DEU",2018 W39,131,25034838,0.5,136,109,163,-5,22,-32,0.53,0.4,0.66,-0.03,0.1,-0.16
"DEU",2018 W40,148,25033275,0.6,147,120,174,1,28,-26,0.57,0.44,0.7,0.03,0.16,-0.1
"DEU",2018 W41,161,25031712,0.6,153,126,180,8,35,-19,0.61,0.48,0.74,-0.01,0.12,-0.14
"DEU",2018 W42,148,25030150,0.6,144,117,171,4,31,-23,0.57,0.44,0.7,0.03,0.16,-0.1
"DEU",2018 W43,132,25028587,0.5,139,112,166,-7,20,-34,0.53,0.4,0.66,-0.03,0.1,-0.16
"DEU",2018 W44,135,25027024,0.5,137,110,164,-2,25,-29,0.53,0.4,0.66,-0.03,0.1,-0.16
"DEU",2018 W45,145,25025461,0.6,149,122,176,-4,23,-31,0.59,0.46,0.72,0.01,0.14,-0.12
"DEU",2018 W46,146,25023898,0.6,147,120,174,-1,26,-28,0.57,0.44,0.7,0.03,0.16,-0.1
"DEU",2018 W47,164,25022335,0.7,142,115,169,22,49,-5,0.55,0.42,0.68,0.15,0.28,0.02
"DEU",2018 W48,123,25020772,0.5,136,109,163,-13,14,-40,0.53,0.4,0.66,-0.03,0.1,-0.16
"DEU",2018 W49,129,25019209,0.5,145,118,172,-16,11,-43,0.57,0.44,0.7,-0.07,0.06,-0.2
"DEU",2018 W50,136,25017646,0.5,148,121,175,-12,15,-39,0.59,0.46,0.72,-0.09,0.04,-0.22
"DEU",2018 W51,168,25016083,0.7,145,118,172,23,50,-4,0.57,0.44,0.7,0.13,0.26,0
"DEU",2018 W52,134,25014520,0.5,143,116,170,-9,18,-36,0.57,0.45,0.69,-0.07,0.05,-0.19
"DEU",2019 W01,153,25012289,0.6,150,123,178,3,30,-25,0.6,0.48,0.73,0,0.12,-0.13
"DEU",2019 W02,154,25008586,0.6,147,120,174,7,34,-20,0.6,0.48,0.73,0,0.12,-0.13
"DEU",2019 W03,152,25004839,0.6,141,114,168,11,38,-16,0.56,0.44,0.69,0.04,0.16,-0.09
"DEU",2019 W04,141,25001091,0.6,153,126,180,-12,15,-39,0.62,0.5,0.75,-0.02,0.1,-0.15
"DEU",2019 W05,158,24997344,0.6,155,128,182,3,30,-24,0.6,0.48,0.73,0,0.12,-0.13
"DEU",2019 W06,163,24993596,0.7,159,132,186,4,31,-23,0.66,0.54,0.79,0.04,0.16,-0.09
"DEU",2019 W07,166,24989849,0.7,152,125,179,14,41,-13,0.6,0.48,0.73,0.1,0.22,-0.03
"DEU",2019 W08,156,24986102,0.6,148,121,175,8,35,-19,0.58,0.46,0.71,0.02,0.14,-0.11
"DEU",2019 W09,150,24982354,0.6,153,126,180,-3,24,-30,0.6,0.48,0.73,0,0.12,-0.13
"DEU",2019 W10,151,24978607,0.6,150,123,177,1,28,-26,0.6,0.48,0.73,0,0.12,-0.13
"DEU",2019 W11,154,24974859,0.6,159,132,186,-5,22,-32,0.64,0.52,0.77,-0.04,0.08,-0.17
"DEU",2019 W12,133,24971112,0.5,148,121,175,-15,12,-42,0.58,0.46,0.71,-0.08,0.04,-0.21
"DEU",2019 W13,159,24967365,0.6,152,125,179,7,34,-20,0.6,0.48,0.73,0,0.12,-0.13
"DEU",2019 W14,135,24963617,0.5,144,117,172,-9,18,-37,0.58,0.46,0.71,-0.08,0.04,-0.21
"DEU",2019 W15,144,24959870,0.6,135,108,162,9,36,-18,0.52,0.4,0.65,0.08,0.2,-0.05
"DEU",2019 W16,156,24956122,0.6,158,131,185,-2,25,-29,0.62,0.5,0.75,-0.02,0.1,-0.15
"DEU",2019 W17,127,24952375,0.5,140,113,167,-13,14,-40,0.56,0.44,0.69,-0.06,0.06,-0.19
"DEU",2019 W18,130,24948628,0.5,142,115,169,-12,15,-39,0.56,0.44,0.69,-0.06,0.06,-0.19
"DEU",2019 W19,131,24944880,0.5,140,113,167,-9,18,-36,0.54,0.42,0.67,-0.04,0.08,-0.17
"DEU",2019 W20,130,24941133,0.5,139,112,166,-9,18,-36,0.54,0.42,0.67,-0.04,0.08,-0.17
"DEU",2019 W21,155,24937385,0.6,146,119,174,9,36,-19,0.58,0.46,0.71,0.02,0.14,-0.11
"DEU",2019 W22,144,24933638,0.6,140,113,167,4,31,-23,0.56,0.44,0.69,0.04,0.16,-0.09
"DEU",2019 W23,168,24929891,0.7,159,132,186,9,36,-18,0.62,0.5,0.75,0.08,0.2,-0.05
"DEU",2019 W24,123,24926143,0.5,138,111,165,-15,12,-42,0.56,0.44,0.69,-0.06,0.06,-0.19
"DEU",2019 W25,141,24922396,0.6,147,120,174,-6,21,-33,0.58,0.46,0.71,0.02,0.14,-0.11
"DEU",2019 W26,156,24918648,0.6,157,130,184,-1,26,-28,0.62,0.5,0.75,-0.02,0.1,-0.15
"DEU",2019 W27,149,24914901,0.6,150,123,177,-1,26,-28,0.6,0.48,0.73,0,0.12,-0.13
"DEU",2019 W28,119,24911154,0.5,135,108,163,-16,11,-44,0.54,0.42,0.67,-0.04,0.08,-0.17
"DEU",2019 W29,147,24907406,0.6,145,118,172,2,29,-25,0.58,0.46,0.71,0.02,0.14,-0.11
"DEU",2019 W30,176,24903659,0.7,153,126,180,23,50,-4,0.6,0.48,0.73,0.1,0.22,-0.03
"DEU",2019 W31,138,24899911,0.6,143,116,170,-5,22,-32,0.58,0.46,0.71,0.02,0.14,-0.11
"DEU",2019 W32,142,24896164,0.6,148,121,175,-6,21,-33,0.58,0.46,0.71,0.02,0.14,-0.11
"DEU",2019 W33,158,24892417,0.6,148,121,175,10,37,-17,0.56,0.44,0.69,0.04,0.16,-0.09
"DEU",2019 W34,136,24888669,0.5,144,117,171,-8,19,-35,0.56,0.44,0.69,-0.06,0.06,-0.19
"DEU",2019 W35,158,24884922,0.6,140,113,168,18,45,-10,0.56,0.44,0.69,0.04,0.16,-0.09
"DEU",2019 W36,139,24881174,0.6,136,109,164,3,30,-25,0.54,0.42,0.67,0.06,0.18,-0.07
"DEU",2019 W37,128,24877427,0.5,142,115,169,-14,13,-41,0.58,0.46,0.71,-0.08,0.04,-0.21
"DEU",2019 W38,148,24873680,0.6,148,121,175,0,27,-27,0.58,0.46,0.71,0.02,0.14,-0.11
"DEU",2019 W39,127,24869932,0.5,133,106,161,-6,21,-34,0.52,0.4,0.65,-0.02,0.1,-0.15
"DEU",2019 W40,160,24866185,0.6,144,117,171,16,43,-11,0.56,0.44,0.69,0.04,0.16,-0.09
"DEU",2019 W41,126,24862437,0.5,150,123,177,-24,3,-51,0.6,0.48,0.73,-0.1,0.02,-0.23
"DEU",2019 W42,133,24858690,0.5,141,114,168,-8,19,-35,0.56,0.44,0.69,-0.06,0.06,-0.19
"DEU",2019 W43,135,24854943,0.5,136,109,163,-1,26,-28,0.52,0.4,0.65,-0.02,0.1,-0.15
"DEU",2019 W44,135,24851195,0.5,134,107,161,1,28,-26,0.52,0.4,0.65,-0.02,0.1,-0.15
"DEU",2019 W45,147,24847448,0.6,146,119,173,1,28,-26,0.58,0.46,0.71,0.02,0.14,-0.11
"DEU",2019 W46,135,24843700,0.5,145,118,172,-10,17,-37,0.56,0.44,0.69,-0.06,0.06,-0.19
"DEU",2019 W47,136,24839953,0.5,140,113,167,-4,23,-31,0.54,0.42,0.67,-0.04,0.08,-0.17
"DEU",2019 W48,133,24836206,0.5,133,106,160,0,27,-27,0.52,0.4,0.65,-0.02,0.1,-0.15
"DEU",2019 W49,149,24832458,0.6,142,115,170,7,34,-21,0.56,0.44,0.69,0.04,0.16,-0.09
"DEU",2019 W50,151,24828711,0.6,146,119,173,5,32,-22,0.58,0.46,0.71,0.02,0.14,-0.11
"DEU",2019 W51,154,24824963,0.6,142,115,169,12,39,-15,0.56,0.44,0.69,0.04,0.16,-0.09
"DEU",2019 W52,119,24821216,0.5,140,114,167,-21,5,-48,0.56,0.44,0.68,-0.06,0.06,-0.18
"DEU",2020 W01,137,24818355,0.6,148,121,175,-11,16,-38,0.59,0.47,0.72,0.01,0.13,-0.12
"DEU",2020 W02,135,24818685,0.5,145,117,172,-10,18,-37,0.59,0.47,0.72,-0.09,0.03,-0.22
"DEU",2020 W03,130,24819281,0.5,139,112,166,-9,18,-36,0.55,0.43,0.68,-0.05,0.07,-0.18
"DEU",2020 W04,117,24819877,0.5,151,123,178,-34,-6,-61,0.61,0.49,0.74,-0.11,0.01,-0.24
"DEU",2020 W05,160,24820474,0.6,152,125,180,8,35,-20,0.59,0.47,0.72,0.01,0.13,-0.12
"DEU",2020 W06,151,24821070,0.6,157,129,184,-6,22,-33,0.65,0.53,0.78,-0.05,0.07,-0.18
"DEU",2020 W07,153,24821666,0.6,150,123,177,3,30,-24,0.59,0.47,0.72,0.01,0.13,-0.12
"DEU",2020 W08,154,24822262,0.6,146,118,173,8,36,-19,0.57,0.45,0.7,0.03,0.15,-0.1
"DEU",2020 W09,142,24822858,0.6,151,124,178,-9,18,-36,0.59,0.47,0.72,0.01,0.13,-0.12
"DEU",2020 W10,168,24823454,0.7,148,121,175,20,47,-7,0.59,0.47,0.72,0.11,0.23,-0.02
"DEU",2020 W11,135,24824050,0.5,157,129,184,-22,6,-49,0.63,0.51,0.76,-0.13,-0.01,-0.26
"DEU",2020 W12,141,24824646,0.6,145,118,172,-4,23,-31,0.57,0.45,0.7,0.03,0.15,-0.1
"DEU",2020 W13,131,24825242,0.5,150,122,177,-19,9,-46,0.59,0.47,0.72,-0.09,0.03,-0.22
"DEU",2020 W14,135,24825838,0.5,142,115,169,-7,20,-34,0.57,0.45,0.7,-0.07,0.05,-0.2
"DEU",2020 W15,127,24826434,0.5,132,105,159,-5,22,-32,0.51,0.39,0.64,-0.01,0.11,-0.14
"DEU",2020 W16,140,24827031,0.6,155,128,182,-15,12,-42,0.61,0.49,0.74,-0.01,0.11,-0.14
"DEU",2020 W17,136,24827627,0.5,138,110,165,-2,26,-29,0.55,0.43,0.68,-0.05,0.07,-0.18
"DEU",2020 W18,126,24828223,0.5,140,113,167,-14,13,-41,0.55,0.43,0.68,-0.05,0.07,-0.18
"DEU",2020 W19,123,24828819,0.5,138,110,165,-15,13,-42,0.53,0.41,0.66,-0.03,0.09,-0.16
"DEU",2020 W20,133,24829415,0.5,136,109,164,-3,24,-31,0.53,0.41,0.66,-0.03,0.09,-0.16
"DEU",2020 W21,158,24830011,0.6,144,117,171,14,41,-13,0.57,0.45,0.7,0.03,0.15,-0.1
"DEU",2020 W22,124,24830607,0.5,138,110,165,-14,14,-41,0.55,0.43,0.68,-0.05,0.07,-0.18
"DEU",2020 W23,127,24831203,0.5,157,129,184,-30,-2,-57,0.61,0.49,0.74,-0.11,0.01,-0.24
"DEU",2020 W24,150,24831799,0.6,135,108,163,15,42,-13,0.55,0.43,0.68,0.05,0.17,-0.08
"DEU",2020 W25,150,24832395,0.6,145,117,172,5,33,-22,0.57,0.45,0.7,0.03,0.15,-0.1
"DEU",2020 W26,135,24832991,0.5,154,127,182,-19,8,-47,0.61,0.49,0.74,-0.11,0.01,-0.24
"DEU",2020 W27,126,24833588,0.5,147,120,175,-21,6,-49,0.59,0.47,0.72,-0.09,0.03,-0.22
"DEU",2020 W28,152,24834184,0.6,133,106,160,19,46,-8,0.53,0.41,0.66,0.07,0.19,-0.06
"DEU",2020 W29,133,24834780,0.5,143,115,170,-10,18,-37,0.57,0.45,0.7,-0.07,0.05,-0.2
"DEU",2020 W30,137,24835376,0.6,151,124,178,-14,13,-41,0.59,0.47,0.72,0.01,0.13,-0.12
"DEU",2020 W31,147,24835972,0.6,140,113,168,7,34,-21,0.57,0.45,0.7,0.03,0.15,-0.1
"DEU",2020 W32,127,24836568,0.5,145,118,172,-18,9,-45,0.57,0.45,0.7,-0.07,0.05,-0.2
"DEU",2020 W33,161,24837164,0.6,146,118,173,15,43,-12,0.55,0.43,0.68,0.05,0.17,-0.08
"DEU",2020 W34,139,24837760,0.6,141,114,168,-2,25,-29,0.55,0.43,0.68,0.05,0.17,-0.08
"DEU",2020 W35,146,24838356,0.6,138,111,165,8,35,-19,0.55,0.43,0.68,0.05,0.17,-0.08
"DEU",2020 W36,128,24838952,0.5,134,107,161,-6,21,-33,0.53,0.41,0.66,-0.03,0.09,-0.16
"DEU",2020 W37,144,24839548,0.6,139,112,167,5,32,-23,0.57,0.45,0.7,0.03,0.15,-0.1
"DEU",2020 W38,133,24840144,0.5,146,118,173,-13,15,-40,0.57,0.45,0.7,-0.07,0.05,-0.2
"DEU",2020 W39,148,24840741,0.6,131,104,158,17,44,-10,0.51,0.39,0.64,0.09,0.21,-0.04
"DEU",2020 W40,127,24841337,0.5,142,114,169,-15,13,-42,0.55,0.43,0.68,-0.05,0.07,-0.18
"DEU",2020 W41,129,24841933,0.5,148,121,175,-19,8,-46,0.59,0.47,0.72,-0.09,0.03,-0.22
"DEU",2020 W42,112,24842529,0.5,139,111,166,-27,1,-54,0.55,0.43,0.68,-0.05,0.07,-0.18
"DEU",2020 W43,140,24843125,0.6,134,107,161,6,33,-21,0.51,0.39,0.64,0.09,0.21,-0.04
"DEU",2020 W44,141,24843721,0.6,132,104,159,9,37,-18,0.51,0.39,0.64,0.09,0.21,-0.04
"DEU",2020 W45,125,24844317,0.5,144,117,171,-19,8,-46,0.57,0.45,0.7,-0.07,0.05,-0.2
"DEU",2020 W46,127,24844913,0.5,142,115,170,-15,12,-43,0.55,0.43,0.68,-0.05,0.07,-0.18
"DEU",2020 W47,132,24845509,0.5,137,110,164,-5,22,-32,0.53,0.41,0.66,-0.03,0.09,-0.16
"DEU",2020 W48,116,24846105,0.5,131,103,158,-15,13,-42,0.51,0.39,0.64,-0.01,0.11,-0.14
"DEU",2020 W49,154,24846701,0.6,140,113,167,14,41,-13,0.55,0.43,0.68,0.05,0.17,-0.08
"DEU",2020 W50,130,24847298,0.5,143,116,171,-13,14,-41,0.57,0.45,0.7,-0.07,0.05,-0.2
"DEU",2020 W51,106,24847894,0.4,140,113,167,-34,-7,-61,0.55,0.43,0.68,-0.15,-0.03,-0.28
"DEU",2020 W52,147,24848490,0.6,138,111,165,9,36,-18,0.55,0.43,0.68,0.05,0.17,-0.08
"DEU",2020 W53,126,24849705,0.5,145,118,173,-19,8,-47,0.58,0.46,0.71,-0.08,0.04,-0.21
"DEU",2021 W01,110,24858344,0.4,142,115,169,-32,-5,-59,0.58,0.46,0.71,-0.18,-0.06,-0.31
"DEU",2021 W02,122,24869047,0.5,136,109,164,-14,13,-42,0.54,0.42,0.67,-0.04,0.08,-0.17
"DEU",2021 W03,124,24879749,0.5,148,121,175,-24,3,-51,0.6,0.48,0.73,-0.1,0.02,-0.23
"DEU",2021 W04,142,24890451,0.6,150,122,177,-8,20,-35,0.58,0.46,0.71,0.02,0.14,-0.11
"DEU",2021 W05,135,24901153,0.5,154,127,181,-19,8,-46,0.64,0.52,0.77,-0.14,-0.02,-0.27
"DEU",2021 W06,106,24911856,0.4,147,120,175,-41,-14,-69,0.58,0.46,0.71,-0.18,-0.06,-0.31
"DEU",2021 W07,114,24922558,0.5,143,116,170,-29,-2,-56,0.56,0.44,0.69,-0.06,0.06,-0.19
"DEU",2021 W08,138,24933260,0.6,148,121,176,-10,17,-38,0.58,0.46,0.71,0.02,0.14,-0.11
"DEU",2021 W09,154,24943962,0.6,145,118,173,9,36,-19,0.58,0.46,0.71,0.02,0.14,-0.11
"DEU",2021 W10,109,24954664,0.4,154,127,181,-45,-18,-72,0.62,0.5,0.75,-0.22,-0.1,-0.35
"DEU",2021 W11,146,24965367,0.6,143,115,170,3,31,-24,0.56,0.44,0.69,0.04,0.16,-0.09
"DEU",2021 W12,106,24976069,0.4,147,120,174,-41,-14,-68,0.58,0.46,0.71,-0.18,-0.06,-0.31
"DEU",2021 W13,136,24986771,0.5,139,112,167,-3,24,-31,0.56,0.44,0.69,-0.06,0.06,-0.19
"DEU",2021 W14,128,24997473,0.5,130,102,157,-2,26,-29,0.5,0.38,0.63,0,0.12,-0.13
"DEU",2021 W15,140,25008176,0.6,153,125,180,-13,15,-40,0.6,0.48,0.73,0,0.12,-0.13
"DEU",2021 W16,154,25018878,0.6,135,108,162,19,46,-8,0.54,0.42,0.67,0.06,0.18,-0.07
"DEU",2021 W17,116,25029580,0.5,137,110,165,-21,6,-49,0.54,0.42,0.67,-0.04,0.08,-0.17
"DEU",2021 W18,148,25040282,0.6,135,108,162,13,40,-14,0.52,0.4,0.65,0.08,0.2,-0.05
"DEU",2021 W19,131,25050985,0.5,134,106,161,-3,25,-30,0.52,0.4,0.65,-0.02,0.1,-0.15
"DEU",2021 W20,150,25061687,0.6,141,114,169,9,36,-19,0.56,0.44,0.69,0.04,0.16,-0.09
"DEU",2021 W21,144,25072389,0.6,135,108,162,9,36,-18,0.54,0.42,0.67,0.06,0.18,-0.07
"DEU",2021 W22,157,25083091,0.6,154,127,181,3,30,-24,0.6,0.48,0.73,0,0.12,-0.13
"DEU",2021 W23,149,25093793,0.6,133,105,160,16,44,-11,0.54,0.42,0.67,0.06,0.18,-0.07
"DEU",2021 W24,164,25104496,0.7,142,115,169,22,49,-5,0.56,0.44,0.69,0.14,0.26,0.01
"DEU",2021 W25,161,25115198,0.6,152,124,179,9,37,-18,0.6,0.48,0.73,0,0.12,-0.13
"DEU",2021 W26,149,25125900,0.6,145,117,172,4,32,-23,0.58,0.46,0.71,0.02,0.14,-0.11
"DEU",2021 W27,144,25136602,0.6,130,103,158,14,41,-14,0.52,0.4,0.65,0.08,0.2,-0.05
"DEU",2021 W28,138,25147305,0.5,140,113,167,-2,25,-29,0.56,0.44,0.69,-0.06,0.06,-0.19
"DEU",2021 W29,151,25158007,0.6,148,121,176,3,30,-25,0.58,0.46,0.71,0.02,0.14,-0.11
"DEU",2021 W30,140,25168709,0.6,138,110,165,2,30,-25,0.56,0.44,0.69,0.04,0.16,-0.09
"DEU",2021 W31,147,25179411,0.6,143,115,170,4,32,-23,0.56,0.44,0.69,0.04,0.16,-0.09
"DEU",2021 W32,137,25190114,0.5,143,116,170,-6,21,-33,0.54,0.42,0.67,-0.04,0.08,-0.17
"DEU",2021 W33,135,25200816,0.5,139,111,166,-4,24,-31,0.54,0.42,0.67,-0.04,0.08,-0.17
"DEU",2021 W34,144,25211518,0.6,135,108,163,9,36,-19,0.54,0.42,0.67,0.06,0.18,-0.07
"DEU",2021 W35,136,25222220,0.5,131,104,159,5,32,-23,0.52,0.4,0.65,-0.02,0.1,-0.15
"DEU",2021 W36,158,25232922,0.6,137,109,164,21,49,-6,0.56,0.44,0.69,0.04,0.16,-0.09
"DEU",2021 W37,147,25243625,0.6,143,116,170,4,31,-23,0.56,0.44,0.69,0.04,0.16,-0.09
"DEU",2021 W38,152,25254327,0.6,128,101,156,24,51,-4,0.5,0.38,0.63,0.1,0.22,-0.03
"DEU",2021 W39,143,25265029,0.6,139,112,166,4,31,-23,0.54,0.42,0.67,0.06,0.18,-0.07
"DEU",2021 W40,143,25275731,0.6,145,118,173,-2,25,-30,0.58,0.46,0.71,0.02,0.14,-0.11
"DEU",2021 W41,124,25286434,0.5,136,109,163,-12,15,-39,0.54,0.42,0.67,-0.04,0.08,-0.17
"DEU",2021 W42,156,25297136,0.6,131,104,159,25,52,-3,0.5,0.38,0.63,0.1,0.22,-0.03
"DEU",2021 W43,163,25307838,0.6,129,102,156,34,61,7,0.5,0.38,0.63,0.1,0.22,-0.03
"DEU",2021 W44,131,25318540,0.5,141,114,169,-10,17,-38,0.56,0.44,0.69,-0.06,0.06,-0.19
"DEU",2021 W45,132,25329243,0.5,140,112,167,-8,20,-35,0.54,0.42,0.67,-0.04,0.08,-0.17
"DEU",2021 W46,166,25339945,0.7,135,107,162,31,59,4,0.52,0.4,0.65,0.18,0.3,0.05
"DEU",2021 W47,146,25350647,0.6,128,101,155,18,45,-9,0.5,0.38,0.63,0.1,0.22,-0.03
"DEU",2021 W48,155,25361349,0.6,137,110,165,18,45,-10,0.54,0.42,0.67,0.06,0.18,-0.07
"DEU",2021 W49,130,25372052,0.5,141,113,168,-11,17,-38,0.56,0.44,0.69,-0.06,0.06,-0.19
"DEU",2021 W50,141,25382754,0.6,137,110,165,4,31,-24,0.54,0.42,0.67,0.06,0.18,-0.07
"DEU",2021 W51,146,25393456,0.6,135,108,162,11,38,-16,0.54,0.42,0.67,0.06,0.18,-0.07
"DEU",2021 W52,131,25403970,0.5,143,115,170,-12,16,-39,0.57,0.44,0.7,-0.07,0.06,-0.2
"DEU",2022 W01,128,25408286,0.5,139,112,167,-11,16,-39,0.57,0.44,0.7,-0.07,0.06,-0.2
"DEU",2022 W02,148,25409783,0.6,134,106,161,14,42,-13,0.53,0.4,0.66,0.07,0.2,-0.06
"DEU",2022 W03,141,25411280,0.6,145,118,173,-4,23,-32,0.59,0.46,0.72,0.01,0.14,-0.12
"DEU",2022 W04,141,25412778,0.6,147,120,175,-6,21,-34,0.57,0.44,0.7,0.03,0.16,-0.1
"DEU",2022 W05,127,25414275,0.5,151,124,179,-24,3,-52,0.63,0.5,0.76,-0.13,0,-0.26
"DEU",2022 W06,155,25415773,0.6,145,117,172,10,38,-17,0.57,0.44,0.7,0.03,0.16,-0.1
"DEU",2022 W07,146,25417270,0.6,140,113,168,6,33,-22,0.55,0.42,0.68,0.05,0.18,-0.08
"DEU",2022 W08,124,25418767,0.5,146,118,173,-22,6,-49,0.57,0.44,0.7,-0.07,0.06,-0.2
"DEU",2022 W09,139,25420265,0.5,143,115,170,-4,24,-31,0.57,0.44,0.7,-0.07,0.06,-0.2
"DEU",2022 W10,141,25421762,0.6,151,124,179,-10,17,-38,0.61,0.48,0.74,-0.01,0.12,-0.14
"DEU",2022 W11,136,25423260,0.5,140,112,168,-4,24,-32,0.55,0.42,0.68,-0.05,0.08,-0.18
"DEU",2022 W12,142,25424757,0.6,144,117,172,-2,25,-30,0.57,0.44,0.7,0.03,0.16,-0.1
"DEU",2022 W13,139,25426254,0.5,137,109,164,2,30,-25,0.55,0.42,0.68,-0.05,0.08,-0.18
"DEU",2022 W14,136,25427752,0.5,127,99,155,9,37,-19,0.49,0.36,0.62,0.01,0.14,-0.12
"DEU",2022 W15,149,25429249,0.6,150,122,178,-1,27,-29,0.59,0.46,0.72,0.01,0.14,-0.12
"DEU",2022 W16,100,25430747,0.4,132,105,160,-32,-5,-60,0.53,0.4,0.66,-0.13,0,-0.26
"DEU",2022 W17,124,25432244,0.5,135,107,162,-11,17,-38,0.53,0.4,0.66,-0.03,0.1,-0.16
"DEU",2022 W18,146,25433741,0.6,132,105,160,14,41,-14,0.51,0.38,0.64,0.09,0.22,-0.04
"DEU",2022 W19,145,25435239,0.6,131,104,159,14,41,-14,0.51,0.38,0.64,0.09,0.22,-0.04
"DEU",2022 W20,136,25436736,0.5,139,111,166,-3,25,-30,0.55,0.42,0.68,-0.05,0.08,-0.18
"DEU",2022 W21,138,25438234,0.5,132,105,160,6,33,-22,0.53,0.4,0.66,-0.03,0.1,-0.16
"DEU",2022 W22,119,25439731,0.5,151,124,179,-32,-5,-60,0.59,0.46,0.72,-0.09,0.04,-0.22
"DEU",2022 W23,131,25441228,0.5,130,103,158,1,28,-27,0.53,0.4,0.66,-0.03,0.1,-0.16
"DEU",2022 W24,169,25442726,0.7,139,112,167,30,57,2,0.55,0.42,0.68,0.15,0.28,0.02
"DEU",2022 W25,174,25444223,0.7,149,122,177,25,52,-3,0.59,0.46,0.72,0.11,0.24,-0.02
"DEU",2022 W26,153,25445721,0.6,142,115,170,11,38,-17,0.57,0.44,0.7,0.03,0.16,-0.1
"DEU",2022 W27,151,25447218,0.6,128,100,155,23,51,-4,0.51,0.38,0.64,0.09,0.22,-0.04
"DEU",2022 W28,139,25448716,0.5,137,110,165,2,29,-26,0.55,0.42,0.68,-0.05,0.08,-0.18
"DEU",2022 W29,163,25450213,0.6,146,118,173,17,45,-10,0.57,0.44,0.7,0.03,0.16,-0.1
"DEU",2022 W30,151,25451710,0.6,135,108,163,16,43,-12,0.55,0.42,0.68,0.05,0.18,-0.08
"DEU",2022 W31,147,25453208,0.6,140,112,168,7,35,-21,0.55,0.42,0.68,0.05,0.18,-0.08
"DEU",2022 W32,149,25454705,0.6,140,113,168,9,36,-19,0.53,0.4,0.66,0.07,0.2,-0.06
"DEU",2022 W33,139,25456203,0.5,136,108,164,3,31,-25,0.53,0.4,0.66,-0.03,0.1,-0.16
"DEU",2022 W34,144,25457700,0.6,133,105,160,11,39,-16,0.53,0.4,0.66,0.07,0.2,-0.06
"DEU",2022 W35,136,25459197,0.5,129,101,156,7,35,-20,0.51,0.38,0.64,-0.01,0.12,-0.14
"DEU",2022 W36,159,25460695,0.6,134,107,162,25,52,-3,0.55,0.42,0.68,0.05,0.18,-0.08
"DEU",2022 W37,161,25462192,0.6,140,113,168,21,48,-7,0.55,0.42,0.68,0.05,0.18,-0.08
"DEU",2022 W38,145,25463690,0.6,126,98,153,19,47,-8,0.49,0.36,0.62,0.11,0.24,-0.02
"DEU",2022 W39,153,25465187,0.6,136,109,164,17,44,-11,0.53,0.4,0.66,0.07,0.2,-0.06
"DEU",2022 W40,141,25466684,0.6,143,115,170,-2,26,-29,0.57,0.44,0.7,0.03,0.16,-0.1
"DEU",2022 W41,158,25468182,0.6,133,106,161,25,52,-3,0.53,0.4,0.66,0.07,0.2,-0.06
"DEU",2022 W42,133,25469679,0.5,129,101,156,4,32,-23,0.49,0.36,0.62,0.01,0.14,-0.12
"DEU",2022 W43,140,25471177,0.5,126,99,154,14,41,-14,0.49,0.36,0.62,0.01,0.14,-0.12
"DEU",2022 W44,130,25472674,0.5,139,111,166,-9,19,-36,0.55,0.42,0.68,-0.05,0.08,-0.18
"DEU",2022 W45,136,25474171,0.5,137,110,165,-1,26,-29,0.53,0.4,0.66,-0.03,0.1,-0.16
"DEU",2022 W46,154,25475669,0.6,132,104,160,22,50,-6,0.51,0.38,0.64,0.09,0.22,-0.04
"DEU",2022 W47,153,25477166,0.6,125,98,153,28,55,0,0.49,0.36,0.62,0.11,0.24,-0.02
"DEU",2022 W48,151,25478664,0.6,135,107,162,16,44,-11,0.53,0.4,0.66,0.07,0.2,-0.06
"DEU",2022 W49,182,25480161,0.7,138,111,166,44,71,16,0.55,0.42,0.68,0.15,0.28,0.02
"DEU",2022 W50,167,25481658,0.7,135,107,162,32,60,5,0.53,0.4,0.66,0.17,0.3,0.04
"DEU",2022 W51,173,25483156,0.7,133,105,160,40,68,13,0.53,0.4,0.66,0.17,0.3,0.04
"DEU",2022 W52,175,25484653,0.7,140,112,168,35,63,7,0.56,0.43,0.69,0.14,0.27,0.01
"DEU",2023 W01,135,25486151,0.5,137,109,165,-2,26,-30,0.56,0.43,0.69,-0.06,0.07,-0.19
"DEU",2023 W02,133,25487648,0.5,131,103,159,2,30,-26,0.52,0.39,0.65,-0.02,0.11,-0.15
"DEU",2023 W03,144,25489145,0.6,143,115,171,1,29,-27,0.58,0.45,0.71,0.02,0.15,-0.11
"DEU",2023 W04,150,25490643,0.6,145,117,172,5,33,-22,0.56,0.43,0.69,0.04,0.17,-0.09
"DEU",2023 W05,120,25492140,0.5,149,121,177,-29,-1,-57,0.62,0.49,0.75,-0.12,0.01,-0.25
"DEU",2023 W06,184,25493638,0.7,142,114,170,42,70,14,0.56,0.43,0.69,0.14,0.27,0.01
"DEU",2023 W07,151,25495135,0.6,138,110,166,13,41,-15,0.54,0.41,0.67,0.06,0.19,-0.07
"DEU",2023 W08,155,25496632,0.6,143,115,171,12,40,-16,0.56,0.43,0.69,0.04,0.17,-0.09
"DEU",2023 W09,144,25498130,0.6,140,112,168,4,32,-24,0.56,0.43,0.69,0.04,0.17,-0.09
"DEU",2023 W10,165,25499627,0.6,149,121,177,16,44,-12,0.6,0.47,0.73,0,0.13,-0.13
"DEU",2023 W11,160,25501125,0.6,137,110,165,23,50,-5,0.54,0.41,0.67,0.06,0.19,-0.07
"DEU",2023 W12,151,25502622,0.6,142,114,170,9,37,-19,0.56,0.43,0.69,0.04,0.17,-0.09
"DEU",2023 W13,146,25504120,0.6,134,106,162,12,40,-16,0.54,0.41,0.67,0.06,0.19,-0.07
"DEU",2023 W14,129,25505617,0.5,124,97,152,5,32,-23,0.48,0.35,0.61,0.02,0.15,-0.11
"DEU",2023 W15,144,25507114,0.6,147,120,175,-3,24,-31,0.58,0.45,0.71,0.02,0.15,-0.11
"DEU",2023 W16,145,25508612,0.6,130,102,158,15,43,-13,0.52,0.39,0.65,0.08,0.21,-0.05
"DEU",2023 W17,141,25510109,0.6,132,104,160,9,37,-19,0.52,0.39,0.65,0.08,0.21,-0.05
"DEU",2023 W18,142,25511607,0.6,130,102,158,12,40,-16,0.5,0.37,0.63,0.1,0.23,-0.03
"DEU",2023 W19,133,25513104,0.5,129,101,156,4,32,-23,0.5,0.37,0.63,0,0.13,-0.13
"DEU",2023 W20,138,25514601,0.5,136,108,164,2,30,-26,0.54,0.41,0.67,-0.04,0.09,-0.17
"DEU",2023 W21,138,25516099,0.5,130,102,158,8,36,-20,0.52,0.39,0.65,-0.02,0.11,-0.15
"DEU",2023 W22,144,25517596,0.6,149,121,177,-5,23,-33,0.58,0.45,0.71,0.02,0.15,-0.11
"DEU",2023 W23,134,25519094,0.5,128,100,155,6,34,-21,0.52,0.39,0.65,-0.02,0.11,-0.15
"DEU",2023 W24,128,25520591,0.5,137,109,165,-9,19,-37,0.54,0.41,0.67,-0.04,0.09,-0.17
"DEU",2023 W25,150,25522088,0.6,147,119,174,3,31,-24,0.58,0.45,0.71,0.02,0.15,-0.11
"DEU",2023 W26,134,25523586,0.5,140,112,167,-6,22,-33,0.56,0.43,0.69,-0.06,0.07,-0.19
"DEU",2023 W27,144,25525083,0.6,125,97,153,19,47,-9,0.5,0.37,0.63,0.1,0.23,-0.03
"DEU",2023 W28,125,25526581,0.5,135,107,163,-10,18,-38,0.54,0.41,0.67,-0.04,0.09,-0.17
"DEU",2023 W29,117,25528078,0.5,143,115,171,-26,2,-54,0.56,0.43,0.69,-0.06,0.07,-0.19
"DEU",2023 W30,102,25529575,0.4,133,105,160,-31,-3,-58,0.54,0.41,0.67,-0.14,-0.01,-0.27
"DEU",2023 W31,104,25531073,0.4,137,110,165,-33,-6,-61,0.54,0.41,0.67,-0.14,-0.01,-0.27
